제목,기관명,채용분야,고용형태,학력정보,채용구분,근무지,채용인원,공고기간
[한국수자원공사] 천안권지사 천안현대화사업소 특수직(기술관리_건설사업) 채용 공고,한국수자원공사,"건설,기계,전기.전자,정보통신",비정규직,학력무관,신입+경력,충남,1,23.02.02 ~ 23.02.13
2023년 상반기 한국지능정보사회진흥원 무기 및 단기계약직 채용공고,한국지능정보사회진흥원,"사업관리,경영.회계.사무,사회복지.종교,경비.청소,정보통신","무기계약직,비정규직",학력무관,신입+경력,"대구,광주,울산,경기,강원,제주",18,23.02.02 ~ 23.02.16
[한국수자원공사] 단양수도지사 단기계약근로자(지방상수도 시설운영) 채용 공고,한국수자원공사,"사업관리,건설,기계,전기.전자,정보통신,환경.에너지.안전",비정규직,학력무관,신입+경력,충북,1,23.02.02 ~ 23.02.09
2023년도 한국폴리텍대학 대전캠퍼스 초빙교원 채용 공고,학교법인한국폴리텍,정보통신,비정규직,"대졸(4년),석사,박사",경력,대전,1,23.02.02 ~ 23.02.08
2023-1차 계약직(육아휴직 대체인력) 채용공고,안전성평가연구소,"경영.회계.사무,정보통신",비정규직,"대졸(2~3년),대졸(4년)",신입+경력,대전,2,23.02.01 ~ 23.02.15
2023년 제1차 직원 및 청년인턴 채용,한국저작권위원회,"사업관리,경영.회계.사무,교육.자연.사회과학,법률.경찰.소방.교도.국방,문화.예술.디자인.방송,전기.전자,정보통신","정규직,비정규직,청년인턴(체험형)","학력무관,석사,박사",신입+경력,"서울,경남",25,23.02.01 ~ 23.02.16
2023년 상반기 KAIST 일반직 직원 채용 공고,한국과학기술원,"사업관리,경영.회계.사무,교육.자연.사회과학,법률.경찰.소방.교도.국방,문화.예술.디자인.방송,건설,기계,재료,화학,전기.전자,정보통신,환경.에너지.안전,연구",정규직,대졸(4년),신입+경력,"서울,대전",20,23.02.01 ~ 23.02.16
기술직 6급 전산행정(정보운영팀) 채용 공고,국립중앙의료원,"보건.의료,정보통신",정규직,학력무관,신입+경력,서울,1,23.02.01 ~ 23.02.16
[한국수자원공사] 경남서부권지사 통영수도센터 특수직(기술관리) 채용 공고,한국수자원공사,"건설,기계,화학,전기.전자,정보통신,환경.에너지.안전",비정규직,학력무관,신입+경력,경남,2,23.02.01 ~ 23.02.08
무기계약직 전산행정(정보운영팀) 채용 공고,국립중앙의료원,"보건.의료,정보통신",무기계약직,학력무관,경력,서울,1,23.02.01 ~ 23.02.16
서울대학교치과병원 촉탁전산직 채용 공고,서울대학교치과병원,"사업관리,보건.의료,정보통신",비정규직,대졸(4년),신입+경력,서울,1,23.02.01 ~ 23.02.14
2023년 상반기 한국철도공사 채용형인턴 채용공고(일반공채. 자격증 제한경쟁. 보훈 제한경쟁. 장애인 제한경쟁),한국철도공사,"경영.회계.사무,운전.운송,건설,기계,전기.전자,정보통신",청년인턴(채용형),학력무관,신입+경력,"서울,인천,대전,대구,부산,광주,울산,경기,강원,충남,충북,경북,경남,전남,전북",1261,23.02.01 ~ 23.02.15
"2023년도 상반기 한국철도공사 전문인력(전문직, 경력직) 채용 공고",한국철도공사,"경영.회계.사무,법률.경찰.소방.교도.국방,운전.운송,기계,전기.전자,정보통신,환경.에너지.안전","정규직,비정규직","학력무관,대졸(2~3년),대졸(4년),석사,박사",신입+경력,"서울,인천,대전,부산,울산,경기,충남,충북,경남,세종",21,23.02.01 ~ 23.02.15
노사발전재단(정보화기획팀) [재단 지역센터·단 망분리 및 정보화 지원] 단기기간제 채용,노사발전재단,정보통신,비정규직,학력무관,신입+경력,서울,1,23.01.31 ~ 23.02.07
한국폴리텍대학 구미캠퍼스 2023년도 상반기 학위과정 시간강사 공개채용 공고,학교법인한국폴리텍,"교육.자연.사회과학,전기.전자,정보통신",비정규직,"대졸(2~3년),대졸(4년),석사",신입+경력,경북,2,23.02.01 ~ 23.02.07
한전KDN(주) 경기강원지역본부 직할 AMI분야 비정규직 모집공고,한전KDN,정보통신,비정규직,학력무관,신입+경력,경기,87,23.01.31 ~ 23.02.14
한전KDN 인천사업처 AMI분야 비정규직 모집공고,한전KDN,정보통신,비정규직,학력무관,신입+경력,"인천,경기",20,23.01.30 ~ 23.02.13
한전KDN(주) 부산울산경남지역본부 직할 AMI분야 비정규직 모집공고,한전KDN,"경영.회계.사무,정보통신",비정규직,학력무관,신입+경력,부산,1,23.01.30 ~ 23.02.13
한전KDN(주) 보안관제 프로젝트계약근로자 모집(보령),한전KDN,정보통신,비정규직,학력무관,신입+경력,충남,1,23.01.30 ~ 23.02.13
[제2023-005호] 과학기술사업화진흥원 신규직원(개방형 계약직_선임급_정보화 S/W) 채용 공고,과학기술사업화진흥원,"사업관리,정보통신",비정규직,"석사,박사",경력,서울,1,23.01.30 ~ 23.02.14
[한국수자원공사] 부산울산경남지역협력단 특수직(함양현대화사업소) 채용 공고,한국수자원공사,"건설,기계,전기.전자,정보통신,환경.에너지.안전",비정규직,학력무관,신입+경력,경남,1,23.01.30 ~ 23.02.06
2023년 제1차 한국발명진흥회 전문계약직 채용 공고,한국발명진흥회,"사업관리,경영.회계.사무,금융.보험,교육.자연.사회과학,법률.경찰.소방.교도.국방,정보통신",비정규직,"학력무관,박사",신입+경력,"서울,대전,부산,전북",22,23.01.30 ~ 23.02.16
과학기술정보통신부 연구개발 민간전문가(PM) 채용공고,정보통신기획평가원,"전기.전자,정보통신",비정규직,"석사,박사",경력,"서울,대전",1,23.01.30 ~ 23.02.20
한전KDN 부산울산경남지역본부 울산지사 사무보조원 모집공고,한전KDN,"경영.회계.사무,정보통신",비정규직,학력무관,신입+경력,울산,1,23.01.27 ~ 23.02.10
2023년 1차 한국특허정보원 직원 채용 공고,한국특허정보원,"경영.회계.사무,정보통신","정규직,무기계약직,비정규직",학력무관,신입+경력,대전,11,23.01.27 ~ 23.02.10
[중앙보훈병원] 정규직 기술직(전산) 직원 채용 공고,한국보훈복지의료공단,정보통신,정규직,학력무관,신입+경력,서울,4,23.01.27 ~ 23.02.06
KAIST IT융합연구소 위촉연구원 모집 공고,한국과학기술원,"사업관리,정보통신,연구",비정규직,"대졸(4년),석사,박사",신입+경력,대전,3,23.01.27 ~ 23.02.17
(23-0-3) 2023년도 1분기 2차 별정직(유기계약직) 채용공고,한국항공우주연구원,"전기.전자,정보통신",비정규직,"대졸(4년),석사,박사",신입+경력,대전,1,23.01.27 ~ 23.02.10
2023년도 상반기 DGIST 전임직[무기계약직] 직원 공개채용 공고,대구경북과학기술원,"사업관리,경영.회계.사무,정보통신",무기계약직,"학력무관,대졸(4년)",신입,대구,2,23.01.27 ~ 23.02.13
2023년 제1차 기간제 직원 채용 공고,나노종합기술원,"사업관리,경영.회계.사무,전기.전자,정보통신,연구",비정규직,대졸(4년),신입+경력,대전,21,23.01.27 ~ 23.01.27
(23-0-4) KPS사업본부 특수사업직 2차 채용공고,한국항공우주연구원,"전기.전자,정보통신,연구",비정규직,"석사,박사",신입+경력,대전,1,23.01.27 ~ 23.02.10
한국문화예술교육진흥원 직원 및 체험형 청년인턴 채용공고(23-1차),한국문화예술교육진흥원,"사업관리,경영.회계.사무,교육.자연.사회과학,문화.예술.디자인.방송,정보통신","정규직,무기계약직,비정규직,청년인턴(체험형)",학력무관,신입,서울,16,23.01.26 ~ 23.02.10
2023년 제1차 공개경쟁 및 제한경쟁채용 재공고,한국여성인권진흥원,"사업관리,경영.회계.사무,교육.자연.사회과학,사회복지.종교,정보통신","정규직,무기계약직,비정규직","학력무관,고졸,대졸(2~3년),대졸(4년),석사,박사",신입+경력,서울,25,23.01.26 ~ 23.02.06
[한전KPS(주)]2023년도 개방형직위 채용공고,한전KPS(주),"사업관리,정보통신",비정규직,석사,경력,전남,1,23.01.26 ~ 23.02.10
[교통과학연구원] 첨단교통연구처 임시고용원(일용직) 채용 공고,도로교통공단,"전기.전자,정보통신,연구",비정규직,학력무관,신입+경력,강원,1,23.01.26 ~ 23.02.01
2023년도 제2회 현장 기간제 사원 공개경쟁채용 공고,코레일테크(주),"사업관리,경영.회계.사무,경비.청소,건설,기계,전기.전자,정보통신,환경.에너지.안전",비정규직,"학력무관,고졸",신입+경력,"서울,인천,대전,대구,부산,광주,울산,경기,강원,충남,충북,경북,경남,전남,전북",435,23.01.25 ~ 23.02.08
한국자활복지개발원 2023년 직원 채용 공고(1차),재단법인 한국자활복지개발원,"교육.자연.사회과학,사회복지.종교,정보통신","비정규직,청년인턴(체험형)",학력무관,신입+경력,"서울,충북",12,23.01.25 ~ 23.02.08
한국노동연구원 기간제 연구원(정보전산) 채용 공고,한국노동연구원,정보통신,비정규직,"대졸(4년),석사",신입+경력,세종,1,23.01.20 ~ 23.02.03
2023년 제1차 계약직 채용,한국교육학술정보원,"경영.회계.사무,교육.자연.사회과학,정보통신,연구",비정규직,학력무관,신입+경력,"대구,광주,세종",44,23.01.20 ~ 23.02.05
한전KDN(주) 경기북부사업처 고객센터 ICT설비 이설공사 일용근로자 모집,한전KDN,정보통신,비정규직,학력무관,신입+경력,경기,6,23.01.20 ~ 23.02.03
한국해양조사협회 2023년 제1차 직원 공개 채용 공고(계약직),한국해양조사협회,"경영.회계.사무,건설,전기.전자,정보통신",비정규직,"학력무관,고졸,대졸(2~3년),대졸(4년)",신입+경력,서울,7,23.01.20 ~ 23.02.03
KAIST 정보전자연구소 정재웅 교수 연구실 연수연구원(Post-Doc) 모집 공고,한국과학기술원,"전기.전자,정보통신",비정규직,박사,신입+경력,대전,1,23.01.20 ~ 23.02.24
한전KDN 강북지사 AMI분야 비정규직 모집공고,한전KDN,"전기.전자,정보통신",비정규직,학력무관,신입+경력,서울,151,23.01.19 ~ 23.02.02
오송첨단의료산업진흥재단 2023년 제1차 기간제근로자 채용 공고,오송첨단의료산업진흥재단,"사업관리,경영.회계.사무,교육.자연.사회과학,보건.의료,건설,화학,전기.전자,정보통신,연구",비정규직,"고졸,대졸(2~3년),대졸(4년),석사,박사",신입+경력,충북,45,23.01.19 ~ 23.02.01
KAIST 정보전자연구소 권인소 교수 연구실 연수연구원(Post-Doc) 모집 공고,한국과학기술원,"정보통신,연구",비정규직,박사,신입,대전,2,23.01.19 ~ 23.02.03
2023년도 한국고용정보원 1차 직원 채용 공고,한국고용정보원,"경영.회계.사무,정보통신,연구",정규직,"학력무관,박사",신입,충북,8,23.01.19 ~ 23.02.03
2023년 한국도박문제예방치유원 제1차 직원 채용,한국도박문제예방치유원,"경영.회계.사무,사회복지.종교,정보통신","정규직,비정규직","고졸,대졸(2~3년),대졸(4년)",신입,"서울,강원",3,23.01.18 ~ 23.02.02
국립암센터 정규 보건직/기술직 채용공고,국립암센터,"보건.의료,정보통신",정규직,"대졸(4년),석사",신입+경력,경기,3,23.01.18 ~ 23.02.02
한전KDN(주) 원전인프라팀 프로젝트 계약 근로자 채용,한전KDN,정보통신,비정규직,학력무관,신입+경력,경북,1,23.01.17 ~ 23.01.31
한국방송통신전파진흥원 촉탁계약직 채용 공고,한국방송통신전파진흥원,정보통신,비정규직,학력무관,경력,"서울,인천,대전,대구,부산,광주,강원,충북,경북,경남,전남,전북,제주",26,23.01.17 ~ 23.01.31
한전KDN(주) 경기북부사업처 AMI분야 일용근로자 모집공고,한전KDN,정보통신,비정규직,학력무관,신입+경력,경기,44,23.01.17 ~ 23.01.31
한국교통안전공단 자동차안전연구원 미래차연구처 기간제근로자(청년인턴) 채용공고,한국교통안전공단,"기계,전기.전자,정보통신,연구",청년인턴(체험형),학력무관,신입+경력,경기,2,23.01.16 ~ 23.01.31
KAIST 문화기술연구소 연수연구원 모집 공고,한국과학기술원,"사업관리,정보통신,연구",비정규직,박사,신입+경력,대전,3,23.01.16 ~ 23.01.31
(제2023-1차) 한국청소년상담복지개발원 직원 모집,한국청소년상담복지개발원,"교육.자연.사회과학,보건.의료,사회복지.종교,전기.전자,정보통신",비정규직,"대졸(4년),석사",신입,부산,6,23.01.16 ~ 23.01.30
한전KDN 제주사업처 AMI분야 비정규직 모집공고,한전KDN,"전기.전자,정보통신",비정규직,학력무관,신입+경력,제주,7,23.01.16 ~ 23.01.30
[한국수자원공사] 충남지역협력단 공주현대화사업소 특수직(기술관리_건설사업) 채용 공고,한국수자원공사,"건설,기계,전기.전자,정보통신",비정규직,학력무관,신입+경력,충남,1,23.01.16 ~ 23.01.26
2023년 1차 한국언론진흥재단 정규직 경력사원 채용 공고,한국언론진흥재단,정보통신,정규직,학력무관,경력,서울,1,23.01.16 ~ 23.01.30
2023년 1차 한국언론진흥재단 정규직 신입사원 채용 공고,한국언론진흥재단,"경영.회계.사무,교육.자연.사회과학,문화.예술.디자인.방송,정보통신",정규직,학력무관,신입,서울,3,23.01.16 ~ 23.01.30
KAIST SW교육센터 운영팀 위촉연구원 모집 공고,한국과학기술원,"사업관리,정보통신",비정규직,박사,신입+경력,대전,1,23.01.16 ~ 23.01.31
"한국의약품안전관리원 2023년 1차 직원 채용(정규직, 계약직, 청년인턴_채용형)",한국의약품안전관리원,"사업관리,경영.회계.사무,교육.자연.사회과학,보건.의료,전기.전자,정보통신","정규직,비정규직,청년인턴(채용형)","고졸,대졸(2~3년),대졸(4년)",신입+경력,경기,32,23.01.13 ~ 23.01.30
한전KDN(주) 대전충청지역본부 직할 배전사업팀 일용근로자 모집 공고,한전KDN,"전기.전자,정보통신",비정규직,학력무관,신입+경력,"대전,충남,세종",4,23.01.13 ~ 23.01.27
KAIST 인공위성연구소 [위촉연구원] 모집 공고,한국과학기술원,"사업관리,기계,전기.전자,정보통신,연구",비정규직,박사,신입+경력,대전,2,23.01.13 ~ 23.01.30
한국의료분쟁조정중재원 2023년 제 2차 직원채용 공고,한국의료분쟁조정중재원,"사업관리,경영.회계.사무,법률.경찰.소방.교도.국방,보건.의료,정보통신","정규직,무기계약직,비정규직","학력무관,고졸,석사",신입+경력,"서울,부산",17,23.01.13 ~ 23.01.27
한전KDN(주)경기강원지역본부 용인지사 배전분야 현장작업원 모집공고,한전KDN,정보통신,비정규직,학력무관,신입+경력,경기,2,23.01.12 ~ 23.01.26
한전KDN(주) 경북사업처 배전자동화 분야 일용근로자 모집공고,한전KDN,"전기.전자,정보통신",비정규직,학력무관,신입+경력,경북,3,23.01.12 ~ 23.01.26
한전KDN 경남사업처 진주지사 AMI분야 일용원 채용 공고,한전KDN,"전기.전자,정보통신",비정규직,학력무관,신입+경력,경남,3,23.01.12 ~ 23.01.26
한국교통안전공단 경영지원본부 고객소통팀 실무원(상담직) 채용 공고,한국교통안전공단,정보통신,비정규직,학력무관,신입,"서울,경북",4,23.01.11 ~ 23.01.25
한전KDN(주) 전북사업처 AMI분야 일용근로자 채용,한전KDN,정보통신,비정규직,학력무관,신입+경력,전북,3,23.01.11 ~ 23.01.25
2022년 한국건강증진개발원 3차 위촉직(위촉전문원) 채용 연장 공고,한국건강증진개발원,"사업관리,경영.회계.사무,교육.자연.사회과학,보건.의료,문화.예술.디자인.방송,정보통신",비정규직,"대졸(2~3년),대졸(4년),석사,박사",신입+경력,서울,4,23.01.11 ~ 23.01.20
KAIST 문화기술연구소 / 증강현실연구센터 위촉연구원 및 연수연구원(Post-Doc) 모집 공고,한국과학기술원,"사업관리,정보통신,연구",비정규직,"대졸(4년),석사,박사",신입+경력,대전,5,23.01.10 ~ 23.02.03
"[광주보훈병원] 정규직 기술직(전산), 기능직(행정) 공개채용",한국보훈복지의료공단,"경영.회계.사무,정보통신",정규직,학력무관,신입+경력,광주,2,23.01.10 ~ 23.01.19
[한국수자원공사] 단양수도지사 단기계약근로자(지방상수도 시설운영) 채용 공고(장애인 제한 채용),한국수자원공사,"사업관리,건설,기계,전기.전자,정보통신,환경.에너지.안전",비정규직,학력무관,신입+경력,충북,1,23.01.10 ~ 23.01.18
한전KDN IT설비 유지보수 기간제근로자 채용공고,한전KDN,정보통신,비정규직,학력무관,신입+경력,"대구,경기",2,23.01.10 ~ 23.01.25
[한국수자원공사] 전북지역협력단 익산현대화사업소 특수직(기술관리_건설사업) 채용 공고,한국수자원공사,"건설,기계,전기.전자,정보통신",비정규직,학력무관,신입+경력,전북,2,23.01.09 ~ 23.01.16
2023년도 상반기 DGIST 운영직(무기계약직) 직원 공개채용 공고,대구경북과학기술원,"경비.청소,건설,정보통신",무기계약직,학력무관,신입,대구,6,23.01.09 ~ 23.01.25
[한국수자원공사] 완도수도지사 특수직(수탁운영_지방상수도 시설운영) 채용 공고,한국수자원공사,"기계,전기.전자,정보통신,환경.에너지.안전",비정규직,학력무관,신입+경력,전남,1,23.01.06 ~ 23.01.13
한전KDN(주) 대구경북지역본부 포항지사 AMI 단순정비 및 유지보수 관련 일용근로자 모집공고,한전KDN,정보통신,비정규직,학력무관,신입+경력,경북,4,23.01.06 ~ 23.01.20
"본사 K-eco연구원 ESG기업지원부 기간제근로자(촉탁다급, 라급) 채용 공고",한국환경공단,"기계,화학,정보통신,환경.에너지.안전",비정규직,"고졸,대졸(2~3년),대졸(4년)",신입+경력,인천,9,23.01.06 ~ 23.01.20
2023년 상반기 한국의료기기안전정보원 직원(정규직 및 무기계약 근로자) 채용공고,한국의료기기안전정보원,"사업관리,경영.회계.사무,보건.의료,기계,전기.전자,정보통신,연구","정규직,무기계약직","대졸(2~3년),대졸(4년)",신입+경력,서울,3,23.01.05 ~ 23.01.19
"칠곡경북대학교병원 2023년 1월 1차 임시직원 모집공고(시설기술, 전산)",경북대학교병원,"건설,전기.전자,정보통신",비정규직,학력무관,신입+경력,대구,4,23.01.05 ~ 23.01.19
"2023년 제1차 계약직원(기간제직원, 위촉직원, 청년인턴) 채용",한국보건산업진흥원,"사업관리,경영.회계.사무,정보통신","비정규직,청년인턴(체험형)","학력무관,대졸(2~3년),대졸(4년)",신입+경력,"서울,충북",22,23.01.04 ~ 23.01.18
한전KDN(주) 보안관제 프로젝트 계약근로자 모집(태안),한전KDN,정보통신,비정규직,학력무관,신입+경력,충남,3,23.01.04 ~ 23.01.18
[한국수자원공사] 광주수도지사 특수직(수탁운영_지방상수도 시설운영) 채용 공고 (재공고),한국수자원공사,"기계,전기.전자,정보통신,환경.에너지.안전",비정규직,학력무관,신입+경력,경기,2,23.01.03 ~ 23.01.10
한전KDN(주) 네트웍운영부 기간제근로자 채용공고,한전KDN,정보통신,비정규직,학력무관,신입+경력,"대전,경북",3,23.01.02 ~ 23.01.16
[한국수자원공사] 완도수도지사 실무직(수탁운영_지방상수도 시설운영) 채용 공고(지역제한채용),한국수자원공사,"건설,기계,전기.전자,정보통신,환경.에너지.안전",무기계약직,학력무관,신입+경력,전남,1,22.12.30 ~ 23.01.09
[중앙보훈병원] 기간제 및 업무지원직 직원 채용 공고,한국보훈복지의료공단,"사업관리,보건.의료,경비.청소,음식서비스,정보통신,환경.에너지.안전","무기계약직,비정규직",학력무관,신입+경력,서울,32,22.12.30 ~ 23.01.09
한국공공조직은행 2022년 제6차 직원 채용 공고,재단법인 한국공공조직은행,"사업관리,경영.회계.사무,보건.의료,정보통신",정규직,학력무관,신입+경력,"서울,대전,광주,경기",12,22.12.30 ~ 23.01.14
한전KDN(주) 기간제근로자 채용 공고(공공사업부),한전KDN,정보통신,비정규직,학력무관,신입+경력,경기,1,22.12.29 ~ 23.01.02
한국국방연구원 2023년도 정기 2차 채용 공고,한국국방연구원,"사업관리,경영.회계.사무,교육.자연.사회과학,법률.경찰.소방.교도.국방,전기.전자,정보통신,환경.에너지.안전,연구","정규직,무기계약직,비정규직,청년인턴(체험형)","학력무관,대졸(4년),석사,박사",신입+경력,"서울,충남",24,22.12.29 ~ 23.01.13
2022년 울산과학기술원 4차 직원 채용 공고,울산과학기술원,"경비.청소,기계,재료,정보통신",무기계약직,"학력무관,대졸(4년),석사",신입,"울산,경북",5,22.12.29 ~ 23.01.13
민주화운동기념사업회 2023년 제1차 직원 채용,민주화운동기념사업회,"사업관리,경영.회계.사무,교육.자연.사회과학,정보통신","정규직,무기계약직,비정규직",학력무관,신입+경력,경기,8,22.12.29 ~ 23.01.12
(23-0-2) KPS사업본부 특수사업직 채용공고,한국항공우주연구원,"사업관리,기계,전기.전자,정보통신,연구",비정규직,"대졸(4년),석사,박사",신입+경력,대전,2,22.12.29 ~ 23.01.12
(23-0-1) 2023년도 1분기 1차 별정직(유기계약직) 채용공고,한국항공우주연구원,"사업관리,경영.회계.사무,기계,전기.전자,정보통신,연구",비정규직,"학력무관,대졸(4년),석사,박사",신입+경력,"대전,전남,제주",4,22.12.29 ~ 23.01.12
'23년 국방 핵심기술(무기체계 패키지형) 과제관리 인력 채용 모집 공고,국방기술품질원,"사업관리,기계,재료,전기.전자,정보통신,연구",비정규직,"대졸(4년),석사,박사",신입+경력,"대전,경남",22,22.12.28 ~ 23.01.11
KAIST 정보전자연구소 일상 항시적 건강관리 Earable-IoT 연구센터 위촉연구원 모집 공고,한국과학기술원,정보통신,비정규직,석사,신입+경력,대전,1,22.12.28 ~ 23.01.13
[한국수자원공사] 충남지역협력단 예산현대화사업팀 특수직(건설사업_기술관리) 채용공고,한국수자원공사,"건설,기계,전기.전자,정보통신",비정규직,학력무관,신입+경력,충남,1,22.12.27 ~ 23.01.05
전북지사 기간제계약직(육아휴직 대체인력) 채용 공고,(주)한국가스기술공사,"건설,기계,재료,화학,전기.전자,정보통신,환경.에너지.안전",비정규직,학력무관,신입,"충남,전북",1,22.12.26 ~ 23.01.09
KAIST 정보전자연구소 이성주 교수(NMSL연구실) 연수연구원 모집 공고,한국과학기술원,"정보통신,연구",비정규직,박사,신입+경력,대전,2,22.12.26 ~ 23.01.11
2023년 상반기 대한체육회 신입직원(전문기술직) 공개채용,대한체육회,"경영.회계.사무,보건.의료,음식서비스,기계,정보통신",정규직,학력무관,신입+경력,"서울,강원,충북",11,22.12.26 ~ 23.01.10
2022년 한국건강증진개발원 3차 위촉직(위촉전문원) 채용 공고,한국건강증진개발원,"사업관리,경영.회계.사무,교육.자연.사회과학,보건.의료,문화.예술.디자인.방송,정보통신",비정규직,"대졸(2~3년),대졸(4년),석사,박사",신입+경력,서울,14,22.12.26 ~ 23.01.09
한전KDN(주) 기간제근로자 채용 공고(공공사업부),한전KDN,정보통신,비정규직,학력무관,경력,인천,3,22.12.26 ~ 23.01.01
한전KDN 원전인프라팀 기간제근로자 채용 공고,한전KDN,정보통신,비정규직,학력무관,신입+경력,경북,1,22.12.26 ~ 23.01.10
한전KDN(주) '23년도 OPGW분야 일용근로자 모집 공고,한전KDN,정보통신,비정규직,학력무관,신입+경력,"서울,인천,대전,대구,부산,광주,울산,경기,강원,충남,충북,경북,경남,전남,전북,제주,세종",325,22.12.26 ~ 23.01.09
한전KDN 경남사업처 진주지사 AMI분야 일용원 채용 공고,한전KDN,"전기.전자,정보통신",비정규직,학력무관,신입+경력,경남,4,22.12.23 ~ 23.01.06
KAIST 제조 AI 빅데이터센터 위촉연구원 모집,한국과학기술원,"사업관리,정보통신",비정규직,"대졸(4년),석사",신입+경력,대전,1,22.12.23 ~ 23.01.08
한전KDN(주) 부산울산경남지역본부 직할 전력통신팀 정보통신설비 단순정비 일용근로자 고용공고,한전KDN,정보통신,비정규직,학력무관,신입+경력,부산,1,22.12.22 ~ 22.12.28
2023년 우체국물류지원단 1차 전문계약직 채용 공고,(재)우체국물류지원단,"사업관리,경영.회계.사무,보건.의료,정보통신,환경.에너지.안전",비정규직,"학력무관,석사,박사",경력,서울,4,22.12.22 ~ 23.01.06
2023년 우체국물류지원단 1차 정규직 채용 공고,(재)우체국물류지원단,"경영.회계.사무,운전.운송,정보통신,환경.에너지.안전",정규직,학력무관,신입+경력,"서울,인천,대전,대구,부산,광주,울산,경기,강원,충남,충북,경북,경남,전남,전북,세종",37,22.12.22 ~ 23.01.06
"2023년 상반기 체험형 청년인턴(일반, 장애인) 채용 공고",한전원자력연료주식회사,"사업관리,경영.회계.사무,기계,재료,화학,전기.전자,정보통신,인쇄.목재.가구.공예,환경.에너지.안전",청년인턴(체험형),학력무관,신입,대전,40,22.12.22 ~ 23.01.06
2023년 상반기 일반직 신입 인턴사원 일반 공채,한국수자원공사,"사업관리,경영.회계.사무,법률.경찰.소방.교도.국방,건설,기계,화학,전기.전자,정보통신,환경.에너지.안전","청년인턴(체험형),청년인턴(채용형)",학력무관,신입,"인천,대전,대구,부산,광주,울산,경기,강원,충남,충북,경북,경남,전남,전북,제주,세종",100,22.12.20 ~ 23.01.03
한전KDN 경기강원지역본부 직할 배전분야 현장작업원 모집공고,한전KDN,정보통신,비정규직,학력무관,신입+경력,경기,3,22.12.20 ~ 23.01.03
2023년도 한전KDN 광주전라제주지역본부 순천지사 AMI분야 비정규직 모집공고(1차),한전KDN,"전기.전자,정보통신",비정규직,학력무관,신입+경력,전남,12,22.12.20 ~ 23.01.03
한국특허기술진흥원 직원(선행기술조사) 채용 안내,한국특허기술진흥원,"법률.경찰.소방.교도.국방,화학,전기.전자,정보통신",무기계약직,"대졸(4년),석사,박사",신입,대전,15,22.12.16 ~ 22.12.30
"한국국제교류재단 직원(국제교류, 정보화, 보수관리, 기간제 근로자) 채용 공고",한국국제교류재단,"경영.회계.사무,문화.예술.디자인.방송,정보통신","정규직,무기계약직,비정규직","학력무관,대졸(4년)",신입+경력,"서울,부산,제주",10,22.12.16 ~ 22.12.30
[지스트] 2022년 제3차 직원(무기계약직) 채용 재공고,광주과학기술원,정보통신,무기계약직,학력무관,신입,광주,1,22.12.16 ~ 22.12.26
한국사회보장정보원 2022년도 제4차 직원 채용공고,한국사회보장정보원,"사업관리,경영.회계.사무,보건.의료,사회복지.종교,정보통신","비정규직,청년인턴(체험형)","학력무관,고졸,대졸(2~3년),대졸(4년),석사",신입,서울,16,22.12.15 ~ 22.12.30
2022년도 2차 연구직 채용,한국전력공사,"경영.회계.사무,금융.보험,전기.전자,정보통신,환경.에너지.안전,연구",청년인턴(채용형),"대졸(2~3년),대졸(4년),석사,박사",신입+경력,"서울,전남",19,22.12.14 ~ 22.12.28
23년도 한전KDN 광주전라제주지역본부 직할(광주전남) AMI분야 비정규직 모집공고 (1차),한전KDN,"전기.전자,정보통신",비정규직,학력무관,신입+경력,"광주,전남",13,22.12.14 ~ 22.12.28
2022년 한국문화예술위원회 일반직II 6급(전산) 채용,한국문화예술위원회,정보통신,무기계약직,학력무관,경력,전남,1,22.12.14 ~ 22.12.29
[한국수자원공사] 전북지역협력단 전주현대화사업소 특수직(기술관리_건설사업) 채용 공고,한국수자원공사,"건설,기계,전기.전자,정보통신",비정규직,학력무관,신입+경력,전북,1,22.12.12 ~ 22.12.19
한국특허기술진흥원 전문직(재공고) 및 행정지원/전산지원 채용 안내,한국특허기술진흥원,"경영.회계.사무,법률.경찰.소방.교도.국방,정보통신",무기계약직,"고졸,대졸(4년),석사,박사",신입,"서울,대전",5,22.12.09 ~ 22.12.23
APEC기후센터 연구원 및 행정원 채용 공고,(재)APEC기후센터,"사업관리,정보통신,연구","정규직,비정규직","대졸(4년),석사",신입+경력,부산,4,22.12.08 ~ 23.01.05
한전KDN 경남사업처 AMI분야 업무위탁 일용근로자 채용공고,한전KDN,"전기.전자,정보통신",비정규직,학력무관,신입+경력,경남,6,22.12.08 ~ 22.12.22
[한국수자원공사] 낙동강보관리단 특수직(기술관리_댐부대시설 관리) 채용 공고,한국수자원공사,"건설,기계,화학,전기.전자,정보통신,환경.에너지.안전",비정규직,학력무관,신입+경력,대구,8,22.12.07 ~ 22.12.14
2022년 하반기 한국과학기술원 일반직 직원(변리사) 채용 재공고,한국과학기술원,"사업관리,기계,재료,화학,전기.전자,정보통신",정규직,"대졸(4년),석사,박사",경력,대전,2,22.12.07 ~ 22.12.26
한전KDN(주) 보안관제 프로젝트 계약근로자 모집,한전KDN,정보통신,비정규직,학력무관,신입+경력,충남,1,22.12.06 ~ 22.12.20
한전KDN(주) 보안관제 프로젝트 계약근로자 모집(태안),한전KDN,정보통신,비정규직,학력무관,신입+경력,충남,1,22.12.06 ~ 22.12.20
"2022년 12월 KAIST 기간제 근로자(연수연구원, 위촉연구원) 모집 공고",한국과학기술원,"보건.의료,사회복지.종교,기계,재료,화학,전기.전자,정보통신,환경.에너지.안전",비정규직,"석사,박사",신입+경력,대전,36,22.12.06 ~ 22.12.21
한국방송통신전파진흥원 신입 및 경력 직원 채용 공고,한국방송통신전파진흥원,"사업관리,경영.회계.사무,법률.경찰.소방.교도.국방,문화.예술.디자인.방송,기계,전기.전자,정보통신","정규직,무기계약직,비정규직",학력무관,신입+경력,"서울,인천,대전,대구,부산,광주,경기,강원,충북,경북,경남,전남,전북,제주",15,22.12.06 ~ 22.12.20
과학기술정책연구원 4차 행정직(정규직) 채용,과학기술정책연구원,"경영.회계.사무,정보통신",정규직,"고졸,대졸(2~3년),대졸(4년),석사,박사",신입+경력,세종,4,22.12.06 ~ 22.12.22
한전KDN(주) 부산울산경남지역본부 직할 울산지사 배전분야 일용근로자 고용공고,한전KDN,"경영.회계.사무,정보통신",비정규직,학력무관,신입+경력,울산,1,22.12.05 ~ 22.12.19
2023년도 코레일유통(주) 신입 및 경력사원 채용공고,코레일유통(주),"사업관리,경영.회계.사무,영업판매,건설,정보통신",정규직,"학력무관,대졸(2~3년),대졸(4년)",신입+경력,"서울,대전,대구,부산,경기,강원,전북",28,22.12.05 ~ 22.12.19
국방과학연구소 23년 상반기 임용 공개채용,국방과학연구소,"사업관리,경영.회계.사무,법률.경찰.소방.교도.국방,경비.청소,음식서비스,건설,기계,재료,화학,전기.전자,정보통신,환경.에너지.안전,연구","정규직,무기계약직,비정규직","고졸,대졸(4년),석사,박사",신입+경력,"서울,대전,경기,강원,충남,경남,세종",115,22.12.05 ~ 22.12.19
2022년 제2차 신규직원 채용(2022.12.05~2022.12.26),한국에너지기술연구원,"경영.회계.사무,기계,재료,화학,전기.전자,정보통신,환경.에너지.안전,연구","정규직,무기계약직","학력무관,석사,박사",신입+경력,"대전,광주,울산,전북",13,22.12.05 ~ 22.12.26
"[안전보건공단] 업무직(전산원-일반경쟁, 환경미화원-보훈제한경쟁) 채용공고",한국산업안전보건공단,"경비.청소,정보통신",무기계약직,학력무관,신입,울산,2,22.12.02 ~ 22.12.12
한전KDN(주) 부산울산경남지역본부 직할 전력통신팀 정보통신설비 유지보수 일용근로자 고용공고,한전KDN,정보통신,비정규직,학력무관,신입+경력,부산,1,22.12.02 ~ 22.12.16
한전KDN(주) 부산울산경남지역본부 직할 전력통신팀 사무보조 일용근로자 고용공고,한전KDN,"경영.회계.사무,정보통신",비정규직,학력무관,신입+경력,부산,1,22.12.02 ~ 22.12.16
한전KDN 경북사업처 AMI분야 아르바이트 모집 공고,한전KDN,"전기.전자,정보통신",비정규직,학력무관,신입+경력,경북,1,22.12.02 ~ 22.12.16
2023년 1차 계약직원 공개채용,한국전자통신연구원,"전기.전자,정보통신,연구",비정규직,학력무관,신입+경력,"대전,경기",5,22.12.01 ~ 22.12.15
"[영주지사] 공무직(전기,기계,통신기사) 채용",근로복지공단,"기계,전기.전자,정보통신",무기계약직,학력무관,신입,경북,1,22.12.01 ~ 22.12.08
[본부] 교통과학장비처 전문계약직 채용 공고,도로교통공단,정보통신,비정규직,학력무관,경력,서울,1,22.12.01 ~ 22.12.13
22년도 GKL 하반기 2차 경력직 채용,그랜드코리아레저(주),"운전.운송,정보통신",무기계약직,학력무관,경력,서울,2,22.11.30 ~ 22.12.19
한전KDN(주) 부산울산경남지역본부 울산지사 AMI분야 일용근로자 고용공고,한전KDN,정보통신,비정규직,학력무관,신입+경력,울산,1,22.11.30 ~ 22.12.14
(제2022-10차) 한국청소년상담복지개발원 직원 모집,한국청소년상담복지개발원,"사업관리,경영.회계.사무,교육.자연.사회과학,보건.의료,사회복지.종교,정보통신",비정규직,"대졸(4년),석사",신입,부산,9,22.11.30 ~ 22.12.14
제2022-6차 직원 및 청년인턴 채용 공고(채용공고 제2022-06호),국가생명윤리정책원,"사업관리,경영.회계.사무,보건.의료,정보통신,연구","정규직,비정규직,청년인턴(체험형)","학력무관,석사,박사",신입+경력,서울,12,22.11.29 ~ 22.12.14
제2023-1회 한국과학기술기획평가원 위촉연구직 공개채용,한국과학기술기획평가원,"사업관리,경영.회계.사무,교육.자연.사회과학,법률.경찰.소방.교도.국방,기계,재료,화학,섬유.의복,전기.전자,정보통신,환경.에너지.안전,연구",비정규직,"대졸(4년),석사,박사",신입+경력,"대전,충북",23,22.11.29 ~ 22.12.14
제2023-1회 한국과학기술기획평가원 정규직 공개채용,한국과학기술기획평가원,"사업관리,경영.회계.사무,교육.자연.사회과학,법률.경찰.소방.교도.국방,보건.의료,경비.청소,건설,기계,재료,화학,전기.전자,정보통신,환경.에너지.안전,농림어업,연구",정규직,"학력무관,석사,박사",신입,충북,7,22.11.29 ~ 22.12.14
한국교통안전공단 정보보안처 기간제 근로자 채용공고,한국교통안전공단,"경영.회계.사무,정보통신",비정규직,학력무관,신입,경북,1,22.11.29 ~ 22.12.13
[한국수자원공사] 파주수도지사 특수직(수탁운영_지방상수도 시설운영) 채용 공고 (재공고),한국수자원공사,"기계,전기.전자,정보통신,환경.에너지.안전",비정규직,학력무관,신입+경력,경기,1,22.11.28 ~ 22.12.05
(22-0-20) KPS사업본부 특수사업직 5차 채용,한국항공우주연구원,"전기.전자,정보통신,연구",비정규직,"석사,박사",신입+경력,대전,2,22.11.28 ~ 22.12.12
(22-0-19) 2022년도 4분기 3차 별정직(유기계약직) 채용,한국항공우주연구원,"사업관리,경영.회계.사무,전기.전자,정보통신,연구",비정규직,"학력무관,대졸(4년),석사,박사",신입+경력,대전,2,22.11.28 ~ 22.12.12
[지스트] 2022년 제3차 직원(무기계약직) 채용 공고,광주과학기술원,"사업관리,경영.회계.사무,교육.자연.사회과학,문화.예술.디자인.방송,건설,정보통신",무기계약직,학력무관,신입,광주,8,22.11.28 ~ 22.12.13
(재)한국장기조직기증원 2022년 제6차 공개채용,재단법인 한국장기조직기증원,"사업관리,경영.회계.사무,보건.의료,정보통신","정규직,비정규직",학력무관,신입+경력,서울,5,22.11.28 ~ 22.12.12
[한국수자원공사] 청주권지사 연서물재생사업소 단기계약근로자(하수도 시설운영 보조) 채용 공고,한국수자원공사,"기계,전기.전자,정보통신,환경.에너지.안전",비정규직,학력무관,신입+경력,세종,2,22.11.28 ~ 22.12.05
[한국수자원공사] 강원지역협력본부 현대화사업 특수직(기술관리_건설사업) 채용 공고 (7차),한국수자원공사,"사업관리,기계,전기.전자,정보통신,환경.에너지.안전",비정규직,학력무관,신입+경력,강원,2,22.11.28 ~ 22.12.05
2023년도 제1회 현장 기간제 사원 공개경쟁채용 공고,코레일테크(주),"사업관리,경영.회계.사무,경비.청소,건설,전기.전자,정보통신",비정규직,"학력무관,고졸",신입+경력,"서울,인천,대전,대구,부산,광주,울산,경기,강원,충남,충북,경북,경남,전남,전북,세종",107,22.11.25 ~ 22.12.09
(재공고) 2022년 하반기 한국과학기술원 일반직 직원(변리사) 채용 공고,한국과학기술원,"사업관리,기계,재료,화학,전기.전자,정보통신",정규직,"대졸(4년),석사,박사",경력,대전,2,22.11.25 ~ 22.12.05
한전KDN(주) 원전인프라팀 기간제근로자 채용 공고(양수발전),한전KDN,정보통신,비정규직,학력무관,신입+경력,경북,2,22.11.25 ~ 22.12.09
한전KDN(주) 원전인프라팀 기간제근로자 채용 공고(사이버보안관제),한전KDN,정보통신,비정규직,학력무관,신입+경력,"대전,경북",4,22.11.25 ~ 22.12.09
울산과학기술원 인공지능대학원 초빙특훈교수 채용공고,울산과학기술원,"교육.자연.사회과학,정보통신,연구",비정규직,박사,경력,울산,1,22.11.24 ~ 22.12.08
한전KDN(주) 전북사업처 OA설비유지보수 일용근로자 채용 공고,한전KDN,정보통신,비정규직,학력무관,신입+경력,전북,1,22.11.24 ~ 22.12.08
[한국수자원공사] 충남지역협력단 부여 Post현대화사업팀 특수직(지방상수도 시설운영) 채용 공고,한국수자원공사,"건설,기계,전기.전자,정보통신,환경.에너지.안전",비정규직,학력무관,신입+경력,충남,1,22.11.24 ~ 22.12.05
2022년 한국산업기술시험원 사회형평적 인재(장애인 위촉) 채용,한국산업기술시험원,"경영.회계.사무,기계,정보통신,연구",비정규직,"학력무관,대졸(2~3년),대졸(4년)",신입,"서울,경기",7,22.11.24 ~ 22.12.09
[한국수자원공사] 제주지역협력본부 특수직(기술관리_건설사업) 채용 공고,한국수자원공사,"건설,기계,전기.전자,정보통신,환경.에너지.안전",비정규직,학력무관,신입+경력,제주,1,22.11.24 ~ 22.12.01
2022년 제4차 건설근로자공제회 채용 공고[기간제(전산·정보 분야 전문가)],건설근로자공제회,정보통신,비정규직,학력무관,경력,서울,3,22.11.24 ~ 22.12.09
한전KDN(주) 부산울산경남지역본부 직할 배전지능화 단순정비 일용근로자 고용공고,한전KDN,정보통신,비정규직,학력무관,신입+경력,부산,8,22.11.23 ~ 22.11.30
한국청소년활동진흥원 2022년 제3차 신규직원 채용공고(보훈),한국청소년활동진흥원,"경영.회계.사무,정보통신",무기계약직,학력무관,신입,서울,1,22.11.22 ~ 22.12.06
"코레일로지스㈜ 2022년 제5차 직원 공개채용(공개경쟁, 제한경쟁 채용)",코레일로지스(주),"사업관리,경영.회계.사무,운전.운송,정보통신","정규직,비정규직",학력무관,신입+경력,"서울,대전,대구,부산,광주,울산,경기,강원,충남,충북,경북,경남,전남,전북",559,22.11.22 ~ 22.12.06
한국장애인고용공단 정규직(교사직) 직원 공개채용,한국장애인고용공단,"교육.자연.사회과학,정보통신",정규직,학력무관,신입+경력,"서울,인천,대전,대구,부산,광주,울산,경기,강원,충남,충북,경북,경남,전남,전북,제주,세종",8,22.11.22 ~ 22.12.07
2022년 한국산업기술시험원 위촉 계약직(4분기) 공개모집,한국산업기술시험원,"경영.회계.사무,보건.의료,운전.운송,경비.청소,기계,재료,화학,전기.전자,정보통신,환경.에너지.안전,연구",비정규직,"학력무관,대졸(2~3년),대졸(4년),석사",신입+경력,"서울,대구,경기,강원,충남,경남,전북",75,22.11.21 ~ 22.12.06
광주전남지사 기간제계약직(육아휴직 대체인력) 채용 공고,(주)한국가스기술공사,"건설,기계,재료,화학,전기.전자,정보통신,환경.에너지.안전",비정규직,학력무관,신입,광주,1,22.11.22 ~ 22.12.06
2022년 제5차 한국의료기기안전정보원 직원[기간제 근로자] 채용 공고,한국의료기기안전정보원,"사업관리,경영.회계.사무,보건.의료,전기.전자,정보통신,연구",비정규직,대졸(4년),신입,서울,17,22.11.17 ~ 22.12.02
[한국수자원공사] 부산울산경남지역본부 특수직(합천현대화사업소) 채용 공고,한국수자원공사,"건설,기계,전기.전자,정보통신,환경.에너지.안전",비정규직,학력무관,신입+경력,경남,1,22.11.17 ~ 22.11.28
[한국수자원공사] 충북지역협력단 진천현대화사업팀 특수직(건설사업_기술관리) 채용공고,한국수자원공사,"건설,기계,전기.전자,정보통신",비정규직,학력무관,신입+경력,충북,1,22.11.16 ~ 22.11.25
KAIST 연구원 산하 증강현실연구센터 위촉연구원 및 연수연구원(Post-Doc) 모집 공고,한국과학기술원,"사업관리,정보통신,연구",비정규직,"대졸(4년),석사,박사",신입+경력,대전,4,22.11.15 ~ 22.12.02
"[2022-05호] 노사발전재단 직원 채용 공고(정규직, 무기직)",노사발전재단,"경영.회계.사무,교육.자연.사회과학,사회복지.종교,정보통신","정규직,무기계약직","학력무관,석사",신입+경력,"서울,제주",11,22.11.15 ~ 22.11.29
한전KDN 경남사업처 '22년 동부권 저압AMI 통신망 보강공사 일용근로자 채용공고,한전KDN,"전기.전자,정보통신",비정규직,학력무관,신입+경력,경남,8,22.11.15 ~ 22.11.29
[한국수자원공사] 전남지역협력단 보성현대화사업소 특수직(기술관리_건설사업) 채용 공고,한국수자원공사,"건설,기계,전기.전자,정보통신,환경.에너지.안전",비정규직,학력무관,신입+경력,전남,1,22.11.15 ~ 22.11.22
한전KDN(주) 인천공항 출입통제설비분야 일용근로자 모집,한전KDN,정보통신,비정규직,학력무관,경력,인천,3,22.11.14 ~ 22.11.18
한전KDN 광주전라제주지역본부 직할 계통사업부 배전사업팀 배전자동화 통신 및 단말장치 설치공사 일용근로자 채용,한전KDN,"전기.전자,정보통신",비정규직,학력무관,신입+경력,"광주,전남",1,22.11.14 ~ 22.11.28
한전KDN(주) 경북사업처 배전자동화 분야 일용근로자 모집공고,한전KDN,"전기.전자,정보통신",비정규직,학력무관,신입+경력,경북,1,22.11.14 ~ 22.11.28
2022년 하반기 독립기념관 직원 채용 공고,독립기념관,"사업관리,경영.회계.사무,교육.자연.사회과학,문화.예술.디자인.방송,정보통신","정규직,비정규직",학력무관,신입+경력,"충남,전남",9,22.11.11 ~ 22.11.26
"2022년 11월 KAIST 기간제 근로자(위촉행정원, 위촉기술원, 위촉기능원) 모집 공고",한국과학기술원,"사업관리,경영.회계.사무,교육.자연.사회과학,보건.의료,운전.운송,건설,기계,정보통신,연구",비정규직,"고졸,대졸(4년)",신입+경력,"서울,대전",14,22.11.10 ~ 22.11.25
"2022년 11월 KAIST 기간제 근로자(연수연구원, 위촉연구원) 모집 공고",한국과학기술원,"경영.회계.사무,보건.의료,건설,기계,재료,화학,전기.전자,정보통신,환경.에너지.안전,연구",비정규직,"대졸(4년),석사,박사",신입+경력,"서울,대전",22,22.11.10 ~ 22.11.25
2022년 제8차 본사 기간제사원 채용모집 공고,코레일테크(주),"사업관리,경영.회계.사무,보건.의료,건설,기계,정보통신,환경.에너지.안전",비정규직,"학력무관,대졸(4년),석사",신입+경력,"서울,대전,대구",21,22.11.10 ~ 22.11.24
한전KDN(주) 인천사업처 배전공가분야 작업원 모집공고,한전KDN,정보통신,비정규직,학력무관,신입+경력,인천,1,22.11.10 ~ 22.11.24
2023-2차(계약직) 인재채용 공고,한국여성과학기술인육성재단,"사업관리,교육.자연.사회과학,정보통신",비정규직,"학력무관,석사",신입+경력,서울,4,22.11.09 ~ 22.11.24
KAIST 친환경스마트자동차연구센터 기계설계 및 인공지능 분야 연구교원 채용 공고,한국과학기술원,"기계,정보통신",비정규직,박사,신입+경력,대전,1,22.11.09 ~ 22.11.24
2022년 2차 한국언론진흥재단 정규직 신입사원 채용 공고,한국언론진흥재단,"경영.회계.사무,교육.자연.사회과학,문화.예술.디자인.방송,정보통신",정규직,학력무관,신입,서울,2,22.11.09 ~ 22.11.23
한전KDN 경남사업처 전력통신분야 일용원 채용 공고,한전KDN,"전기.전자,정보통신",비정규직,학력무관,경력,경남,2,22.11.09 ~ 22.11.13
한전KDN(주) 보안관제 프로젝트 계약근로자 모집,한전KDN,정보통신,비정규직,학력무관,신입+경력,충남,2,22.11.09 ~ 22.11.23
2022년도 한국마사회 장애인 체험형 청년인턴 채용공고,한국마사회,"경영.회계.사무,문화.예술.디자인.방송,이용.숙박.여행.오락.스포츠,정보통신",청년인턴(체험형),학력무관,신입,경기,15,22.11.09 ~ 22.11.23
"2022년 제2차 정규직,무기직 직원 채용 공고",식품안전정보원,"사업관리,경영.회계.사무,정보통신,식품가공,연구","정규직,무기계약직",학력무관,신입,서울,9,22.11.08 ~ 22.11.22
2022년도 제3차 출연(연) 맞춤형 인력양성사업 박사후연수생 공개채용,한국원자력연구원,"기계,재료,화학,전기.전자,정보통신,환경.에너지.안전,연구",비정규직,박사,신입+경력,"대전,전북",5,22.11.08 ~ 22.11.23
한전KDN 동남ENG사업팀 발전제어분야 기간제근로자(육아휴직 대체자) 채용공고,한전KDN,정보통신,비정규직,학력무관,신입+경력,제주,1,22.11.08 ~ 22.11.22
한전KDN 동남ENG사업팀 발전제어분야 기간제근로자(협력사 대체) 채용공고,한전KDN,정보통신,비정규직,학력무관,신입+경력,제주,1,22.11.08 ~ 22.11.22
한전KDN(주) 데구경북지역본부 분산형 시공분야(일용원) 모집공고,한전KDN,정보통신,비정규직,학력무관,신입+경력,대구,2,22.11.07 ~ 22.11.20
2022년 기간제계약직 공개채용(행정직/기술직) 공고,극지연구소,정보통신,비정규직,"학력무관,고졸,대졸(2~3년),대졸(4년)",신입+경력,인천,2,22.11.07 ~ 22.11.20
[한국수자원공사] 파주수도지사 SWM사업 특수직(기술관리_건설사업) 채용 공고,한국수자원공사,"기계,전기.전자,정보통신,환경.에너지.안전",비정규직,학력무관,신입+경력,경기,1,22.11.07 ~ 22.11.14
"우체국물류지원단 2022년 3차 전문 계약직(물류연구, 정보화) 채용 공고",(재)우체국물류지원단,"사업관리,경영.회계.사무,정보통신",비정규직,학력무관,경력,서울,2,22.11.07 ~ 22.11.21
[한국수자원공사] 영주댐지사 특수직(기술관리_댐부대시설 관리) 채용 공고,한국수자원공사,"건설,기계,화학,전기.전자,정보통신,환경.에너지.안전",비정규직,학력무관,신입+경력,경북,1,22.11.04 ~ 22.11.11
2022년 하반기 4직급 신입사원 채용공고(대졸수준),한국전력공사,"경영.회계.사무,건설,기계,전기.전자,정보통신",청년인턴(채용형),학력무관,신입,"서울,인천,대전,대구,부산,광주,울산,경기,강원,충남,충북,경북,경남,전남,전북,제주,세종",86,22.11.04 ~ 22.11.18
[한국수자원공사] 강원지역협력본부 SWM사업 특수직(기술관리_건설사업) 채용 공고 (6차),한국수자원공사,"사업관리,기계,전기.전자,정보통신,환경.에너지.안전",비정규직,학력무관,신입+경력,강원,2,22.11.04 ~ 22.11.14
한국화학연구원 계약직 및 YS포닥 채용공고,한국화학연구원,"사업관리,경영.회계.사무,기계,재료,화학,전기.전자,정보통신,환경.에너지.안전,연구",비정규직,"대졸(4년),석사,박사",신입+경력,"대전,울산",13,22.11.04 ~ 22.11.18
[한국수자원공사] 진도수도지사 실무직(수탁운영_지방상수도 시설운영) 채용 공고(지역제한채용),한국수자원공사,"건설,기계,전기.전자,정보통신,환경.에너지.안전",무기계약직,학력무관,신입+경력,전남,1,22.11.03 ~ 22.11.11
"2022년 정보통신기획평가원 직원채용(휴직대체) 공고(SW인재팀, 기반사업팀, 기반기획팀)",정보통신기획평가원,"사업관리,경영.회계.사무,전기.전자,정보통신",비정규직,학력무관,신입+경력,대전,3,22.11.03 ~ 22.11.21
[한국수자원공사] 부산울산경남지역본부 특수직(함안현대화사업소) 채용 공고,한국수자원공사,"건설,기계,전기.전자,정보통신,환경.에너지.안전",비정규직,학력무관,신입+경력,경남,1,22.11.03 ~ 22.11.11
한전KDN(주) 전북사업처 배전DAS용 통신공사 일용근로자 모집 공고,한전KDN,정보통신,비정규직,학력무관,신입+경력,전북,1,22.11.02 ~ 22.11.07
한전KDN(주) 경남사업처 진주지사 배전자동화 일용근로자 채용,한전KDN,"전기.전자,정보통신",비정규직,학력무관,신입+경력,경남,2,22.11.02 ~ 22.11.16
2023년 동계 연구연수생 공개채용 공고(일반채용),한국전자통신연구원,"경영.회계.사무,교육.자연.사회과학,법률.경찰.소방.교도.국방,보건.의료,문화.예술.디자인.방송,기계,재료,화학,전기.전자,정보통신,환경.에너지.안전,연구",청년인턴(체험형),"고졸,대졸(2~3년)",신입+경력,"대전,대구,광주,경기,경북",232,22.11.01 ~ 22.11.15
2022년 하반기 체험형 인턴사원 공개 채용,한국수자원공사,"사업관리,경영.회계.사무,건설,기계,전기.전자,정보통신,환경.에너지.안전",청년인턴(체험형),학력무관,신입,"인천,대전,대구,부산,광주,울산,경기,강원,충남,충북,경북,경남,전남,전북,제주,세종",110,22.11.01 ~ 22.11.15
한전KDN(주) 경북사업처 구미지사 일용근로자 모집 공고,한전KDN,"전기.전자,정보통신",비정규직,학력무관,신입+경력,경북,9,22.11.01 ~ 22.11.15
2023년 동계 연구연수생 공개채용 공고(장애인 제한경쟁),한국전자통신연구원,"사업관리,경영.회계.사무,교육.자연.사회과학,법률.경찰.소방.교도.국방,기계,재료,전기.전자,정보통신,환경.에너지.안전,연구",청년인턴(체험형),"고졸,대졸(2~3년)",신입+경력,"대전,대구,광주,경기",11,22.11.01 ~ 22.11.15
[한국수자원공사] 봉화수도관리단 실무직(수탁운영_지방상수도시설운영) 채용 공고,한국수자원공사,"건설,화학,정보통신,환경.에너지.안전",무기계약직,학력무관,신입+경력,경북,1,22.11.01 ~ 22.11.08
[한국수자원공사] 경남서부권지사 특수직(수탁운영_지방상수도 시설운영) 채용 공고,한국수자원공사,"건설,기계,화학,전기.전자,정보통신,환경.에너지.안전",비정규직,학력무관,신입+경력,경남,1,22.11.01 ~ 22.11.08
한전KDN(주)강원지역본부 AMI분야 일용근로자 모집공고,한전KDN,정보통신,비정규직,학력무관,신입+경력,강원,6,22.10.31 ~ 22.11.14
2022년 한국문화예술위원회 일반직II 6급(전산지원) 채용,한국문화예술위원회,정보통신,무기계약직,학력무관,경력,전남,1,22.10.31 ~ 22.11.15
2022년 제3차 한국로봇산업진흥원 신규직원 채용,한국로봇산업진흥원,"사업관리,경영.회계.사무,건설,기계,전기.전자,정보통신,연구",비정규직,학력무관,신입+경력,대구,2,22.10.31 ~ 22.11.15
[한국수자원공사] 파주수도지사 특수직(수탁운영_지방상수도 시설운영) 채용 공고,한국수자원공사,"기계,전기.전자,정보통신,환경.에너지.안전",비정규직,학력무관,신입+경력,경기,1,22.10.31 ~ 22.11.07
2022년 4차 한국특허정보원 직원 채용 공고,한국특허정보원,정보통신,정규직,학력무관,신입,대전,9,22.10.28 ~ 22.11.11
한국공공조직은행 2022년 제5차 직원 채용 공고,재단법인 한국공공조직은행,"경영.회계.사무,보건.의료,영업판매,정보통신",정규직,학력무관,신입+경력,"서울,경기",7,22.10.28 ~ 22.11.13
한국승강기안전공단 2022년 기간제근로자(정보화 전담인력) 채용 재공고,한국승강기안전공단,정보통신,비정규직,대졸(4년),신입+경력,경남,1,22.10.28 ~ 22.11.11
"[아리랑국제방송] 육아휴직대체(예산관리, 데이터 아키텍처 및 온라인 플랫폼 관리) 인력 채용",국제방송교류재단,"경영.회계.사무,정보통신",비정규직,학력무관,신입+경력,서울,2,22.10.28 ~ 22.11.07
2022년도 제3차 국민건강보험공단 개방형직위 및 전문인력 채용 공고,국민건강보험공단,"사업관리,경영.회계.사무,금융.보험,교육.자연.사회과학,법률.경찰.소방.교도.국방,보건.의료,사회복지.종교,정보통신,연구",정규직,"학력무관,대졸(4년),석사,박사",신입+경력,"서울,대구,경기,강원,세종",20,22.10.27 ~ 22.11.10
(22-0-17) 2022년도 4분기 2차 별정직(유기계약직) 채용,한국항공우주연구원,"사업관리,경영.회계.사무,건설,기계,전기.전자,정보통신,연구",비정규직,"학력무관,대졸(4년),석사,박사",신입+경력,"대전,전남",8,22.10.27 ~ 22.11.10
소프트웨어정책연구소장 초빙 공고,정보통신산업진흥원,정보통신,비정규직,학력무관,경력,경기,1,22.10.27 ~ 22.11.11
(22-0-18) KPS사업본부 특수사업직 4차 채용,한국항공우주연구원,"사업관리,경영.회계.사무,기계,전기.전자,정보통신,연구",비정규직,"석사,박사",신입+경력,대전,3,22.10.27 ~ 22.11.10
한전KDN 광주전라제주지역본부 순천지사 AMI 일괄위탁 유지보수 일용근로자 모집공고,한전KDN,"전기.전자,정보통신",비정규직,학력무관,신입+경력,전남,1,22.10.27 ~ 22.11.10
2022년도 하반기 정규직 및 계약직 채용 공고,농림식품기술기획평가원,"사업관리,정보통신,연구","정규직,비정규직",학력무관,신입,전남,8,22.10.26 ~ 22.11.10
2022년 제7차 본사 기간제사원 채용모집 공고,코레일테크(주),"경영.회계.사무,정보통신",비정규직,"학력무관,대졸(4년)",신입+경력,대전,2,22.10.26 ~ 22.11.09
2022년도 3차 채용,한국재정정보원,"경영.회계.사무,정보통신",청년인턴(체험형),학력무관,신입,서울,18,22.10.26 ~ 22.11.10
한전KDN(주) 대구경북지역본부 포항지사 저압 AMI 우선구축공사 사업 작업원 추가 모집공고,한전KDN,정보통신,비정규직,학력무관,신입+경력,경북,6,22.10.26 ~ 22.11.09
"2022년 하반기 신입직원(장애인, 사회배려계층, 고졸인재) 모집 공고",한국산업단지공단,"경영.회계.사무,문화.예술.디자인.방송,건설,정보통신",정규직,"학력무관,고졸",신입,"서울,인천,대구,부산,광주,울산,경기,강원,충남,충북,경북,경남,전남,전북",9,22.10.26 ~ 22.11.09
"2022년 하반기 정보통신기획평가원 직원 공개채용 공고(정규직군(전문직), 공무직(미화))",정보통신기획평가원,"사업관리,교육.자연.사회과학,경비.청소,전기.전자,정보통신,연구","정규직,무기계약직",학력무관,신입+경력,대전,6,22.10.26 ~ 22.11.14
2022년 하반기 신입직원 채용,한국교통안전공단,"사업관리,경영.회계.사무,운전.운송,기계,전기.전자,정보통신,연구","정규직,청년인턴(채용형)","학력무관,고졸,대졸(4년),석사,박사",신입+경력,"서울,인천,대전,대구,부산,광주,울산,경기,강원,충남,충북,경북,경남,전남,전북,제주,세종",47,22.10.25 ~ 22.11.10
"정보통신산업진흥원 공무정규직(전시운영, 경비) 채용 공고",정보통신산업진흥원,"경영.회계.사무,경비.청소,정보통신",무기계약직,학력무관,신입+경력,"서울,충북",2,22.10.25 ~ 22.11.09
정보통신산업진흥원 하반기 정규직(일반직) 채용 공고,정보통신산업진흥원,"사업관리,경영.회계.사무,정보통신",정규직,"대졸(2~3년),대졸(4년),석사,박사",신입+경력,충북,1,22.10.25 ~ 22.11.09
한전KDN(주) 부산울산경남지역본부 울산지사 AMI분야 일용근로자 고용공고,한전KDN,정보통신,비정규직,학력무관,신입+경력,울산,2,22.10.21 ~ 22.11.04
한국청소년상담복지개발원 직원 모집(채용공고 제2022-9호),한국청소년상담복지개발원,"사업관리,경영.회계.사무,교육.자연.사회과학,보건.의료,사회복지.종교,정보통신","정규직,비정규직","대졸(4년),석사",신입,부산,4,22.10.21 ~ 22.11.04
2022년 신입 및 경력직 채용,한국농수산식품유통공사,"경영.회계.사무,보건.의료,정보통신,농림어업",정규직,학력무관,신입+경력,"서울,대구,광주,전남,전북",28,22.10.21 ~ 22.11.04
한전KDN(주) 제주사업처 AMI분야 일용근로자 채용 공고,한전KDN,"전기.전자,정보통신",비정규직,학력무관,신입+경력,제주,2,22.10.21 ~ 22.11.04
한전KDN 제천지사 AMI분야 일용근로자 모집공고,한전KDN,정보통신,비정규직,학력무관,신입+경력,충북,3,22.10.21 ~ 22.11.04
한전KDN(주) 동남ENG사업팀 발전제어분야 기간제근로자(협력사 대체) 채용공고,한전KDN,정보통신,비정규직,학력무관,신입+경력,제주,1,22.10.20 ~ 22.11.03
한전KDN(주) 동남ENG사업팀 발전제어분야 기간제근로자(육아휴직 대체자) 채용공고,한전KDN,정보통신,비정규직,학력무관,신입+경력,제주,1,22.10.20 ~ 22.11.03
제2022-2회 기초과학연구원 직원 채용 공고,기초과학연구원,"건설,정보통신,연구",정규직,학력무관,신입+경력,"대전,경북",7,22.10.20 ~ 22.11.04
한국우편사업진흥원 IT 개발 직원 채용,(재)한국우편사업진흥원,정보통신,정규직,학력무관,신입+경력,전남,3,22.10.20 ~ 22.11.04
한국우편사업진흥원 전자우편 모니터링 시스템 운영관리 및 제작시스템 개발 직원 채용,(재)한국우편사업진흥원,정보통신,정규직,학력무관,신입,서울,2,22.10.20 ~ 22.11.04
한국우편사업진흥원 기간제(정보화·개인정보보호)[휴직대체][보훈] 직원 채용,(재)한국우편사업진흥원,정보통신,비정규직,학력무관,신입,서울,1,22.10.20 ~ 22.11.04
KAIST 정보전자연구소 일상 항시적 건강관리 Earable-IoT 연구센터 위촉연구원 모집 공고,한국과학기술원,정보통신,정규직,석사,신입+경력,대전,1,22.10.19 ~ 22.11.04
국방기술진흥연구소 개방형 직위 「방산혁신클러스터사업부장」 공개모집,국방기술품질원,"사업관리,교육.자연.사회과학,기계,재료,화학,섬유.의복,전기.전자,정보통신,환경.에너지.안전,연구",비정규직,"대졸(4년),석사,박사",경력,경남,1,22.10.19 ~ 22.11.02
"국방기술진흥연구소 2022년 하반기 정기 채용 모집 공고[정규직, 무기사업직 분야]",국방기술품질원,"사업관리,교육.자연.사회과학,기계,재료,화학,섬유.의복,전기.전자,정보통신,연구","정규직,무기계약직","대졸(4년),석사,박사",신입+경력,"서울,대전,경북,경남",15,22.10.19 ~ 22.11.02
"국방기술진흥연구소 2022년 하반기 정기 채용 모집 공고[기간사업직, 기간제일반 분야]",국방기술품질원,"사업관리,경영.회계.사무,교육.자연.사회과학,기계,재료,화학,섬유.의복,전기.전자,정보통신,식품가공,환경.에너지.안전,연구",비정규직,"고졸,대졸(2~3년),대졸(4년),석사,박사",신입+경력,"서울,대전,경북,경남,전북",33,22.10.19 ~ 22.11.02
한전KDN(주) 강북지사 AMI분야 일용근로자 모집 공고,한전KDN,"전기.전자,정보통신",비정규직,학력무관,신입+경력,서울,20,22.10.18 ~ 22.11.01
"한국의약품안전관리원 2022년 9차 직원 채용(정규직, 무기계약직, 계약직)",한국의약품안전관리원,"사업관리,경영.회계.사무,교육.자연.사회과학,보건.의료,전기.전자,정보통신","정규직,무기계약직,비정규직","고졸,대졸(2~3년),대졸(4년)",신입+경력,경기,23,22.10.18 ~ 22.11.01
2022년 하반기 경력 및 신입 채용,소상공인시장진흥공단,"사업관리,경영.회계.사무,금융.보험,교육.자연.사회과학,정보통신,연구",정규직,"학력무관,고졸,박사",신입+경력,"서울,인천,대전,대구,부산,광주,울산,경기,강원,충남,충북,경북,경남,전남,전북,제주,세종",40,22.10.18 ~ 22.11.02
한전KDN 광주전라제주지역본부 직할 계통사업부 배전사업팀 배전자동화 통신 및 단말장치 설치공사 일용근로자 채용 공고,한전KDN,"전기.전자,정보통신",비정규직,학력무관,신입+경력,"광주,전남",1,22.10.18 ~ 22.11.01
한전KDN(주) 경북사업처 구미지사 일용근로자(장애인전형) 모집 공고,한전KDN,"전기.전자,정보통신",비정규직,학력무관,신입+경력,경북,2,22.10.18 ~ 22.11.02
2022년 하반기 국가철도공단 신입 및 경력직원 채용공고,국가철도공단,"사업관리,경영.회계.사무,법률.경찰.소방.교도.국방,운전.운송,경비.청소,건설,기계,전기.전자,정보통신","정규직,무기계약직","학력무관,고졸,대졸(4년),석사,박사",신입+경력,"서울,대구,부산,광주,강원,충북",117,22.10.17 ~ 22.11.01
[한국수자원공사] 강원지역협력본부 현대화사업 특수직(기술관리_건설사업) 채용 공고 (5차),한국수자원공사,"사업관리,기계,전기.전자,정보통신,환경.에너지.안전",비정규직,학력무관,신입+경력,강원,3,22.10.17 ~ 22.10.28
한전KDN(주) 강원사업처 강릉지사 AMI업무 일용근로자 모집공고,한전KDN,정보통신,비정규직,학력무관,신입+경력,강원,4,22.10.17 ~ 22.10.31
2022년도 하반기 한국인터넷진흥원 정규직 채용,한국인터넷진흥원,"사업관리,경영.회계.사무,법률.경찰.소방.교도.국방,정보통신,연구",정규직,학력무관,신입+경력,"서울,전남",26,22.10.17 ~ 22.11.01
2022년도 하반기 한국인터넷진흥원 공무직 채용,한국인터넷진흥원,"경비.청소,기계,정보통신",무기계약직,학력무관,신입+경력,전남,3,22.10.17 ~ 22.11.01
민주화운동기념사업회 2022년 제5차 직원 채용,민주화운동기념사업회,"사업관리,정보통신",정규직,학력무관,신입,경기,2,22.10.14 ~ 22.10.28
한전KDN(주) 경북사업처 배전자동화 분야 일용근로자 모집공고,한전KDN,"전기.전자,정보통신",비정규직,학력무관,신입+경력,경북,1,22.10.14 ~ 22.10.28
한전KDN(주) 부산울산경남지역본부 전력통신팀 정보통신설비 유지보수 일용근로자 모집공고,한전KDN,정보통신,비정규직,학력무관,신입+경력,부산,2,22.10.14 ~ 22.10.28
한전KDN(주) 부산울산경남지역본부 직할 일용원 근로자 고용공고,한전KDN,정보통신,비정규직,학력무관,신입+경력,부산,6,22.10.14 ~ 22.10.20
한전 KDN 충북사업처 제천지사 배전공가 시설내역조사 작업원 모집 공고,한전KDN,정보통신,비정규직,학력무관,신입+경력,충북,2,22.10.14 ~ 22.10.28
한전KDN(주) 전북사업처 AMI 일괄위탁 유지보수 일용근로자 채용 공고,한전KDN,정보통신,비정규직,학력무관,신입+경력,전북,2,22.10.13 ~ 22.10.27
한전KDN(주) 원전인프라팀 기간제근로자 채용 공고,한전KDN,정보통신,비정규직,학력무관,신입+경력,경북,1,22.10.13 ~ 22.10.27
2022년도 전력거래소 하반기 공개채용(일반직_경력/전문직),한국전력거래소,"사업관리,전기.전자,정보통신,환경.에너지.안전,연구",정규직,"대졸(4년),석사,박사",신입+경력,"경기,전남,제주",6,22.10.13 ~ 22.10.28
2022년도 전력거래소 하반기 공개채용(일반직_신입직(대졸수준)),한국전력거래소,"경영.회계.사무,건설,전기.전자,정보통신",정규직,학력무관,신입,"경기,전남,제주",8,22.10.13 ~ 22.10.28
2022년 한국도로공사 하반기 신입(인턴)사원 채용공고,한국도로공사,"경영.회계.사무,건설,기계,전기.전자,정보통신",청년인턴(채용형),학력무관,신입,"인천,대전,대구,광주,울산,경기,강원,충남,충북,경북,경남,전남,전북",63,22.10.13 ~ 22.10.27
한전KDN(주) 부산울산경남지역본부 울산지사 일용원근로자 고용공고,한전KDN,정보통신,비정규직,학력무관,신입+경력,울산,4,22.10.13 ~ 22.10.19
2022년 한국소비자원 신입·경력직원 및 공무직 채용 공고,한국소비자원,"경영.회계.사무,금융.보험,법률.경찰.소방.교도.국방,기계,화학,전기.전자,정보통신,환경.에너지.안전,연구","정규직,무기계약직","학력무관,고졸,박사",신입+경력,"서울,인천,경기,충북",24,22.10.13 ~ 22.10.27
2022년 국립낙동강생물자원관 경영관리실 기간제근로자 채용 재공고,국립낙동강생물자원관,"기계,전기.전자,정보통신,환경.에너지.안전",비정규직,"고졸,대졸(2~3년),대졸(4년)",신입+경력,경북,1,22.10.13 ~ 22.10.19
한전KDN(주) 인천사업처 AMI분야 일용근로자(작업원) 모집 공고,한전KDN,정보통신,비정규직,학력무관,신입+경력,"인천,경기",12,22.10.13 ~ 22.10.27
한전KDN 경남사업처 진주지사 5-1차 AMI통신망 시설공사 일용근로자 채용 공고,한전KDN,"전기.전자,정보통신",비정규직,학력무관,신입+경력,경남,5,22.10.12 ~ 22.10.26
한전KDN 경남사업처 AMI분야 업무위탁 일용근로자 채용공고,한전KDN,"전기.전자,정보통신",비정규직,학력무관,신입+경력,경남,5,22.10.12 ~ 22.10.26
한전KDN(주) 경남사업처 진주지사 배전자동화 일용근로자 채용,한전KDN,"전기.전자,정보통신",비정규직,학력무관,신입+경력,경남,2,22.10.12 ~ 22.10.26
한전KDN 경남사업처 진주지사 AMI일괄위탁 유지보수 일용근로자 채용 공고,한전KDN,"전기.전자,정보통신",비정규직,학력무관,신입+경력,경남,3,22.10.12 ~ 22.10.26
한전KDN 충북사업처 AMI분야 일용근로자 모집공고,한전KDN,정보통신,비정규직,학력무관,신입+경력,충북,5,22.10.12 ~ 22.10.26
"2022년 10월 KAIST 기간제 근로자(위촉행정원, 책임급위촉행정원, 위촉기술원) 모집 공고",한국과학기술원,"사업관리,경영.회계.사무,법률.경찰.소방.교도.국방,건설,기계,전기.전자,정보통신,환경.에너지.안전",비정규직,"대졸(4년),석사",신입+경력,"서울,대전",13,22.10.12 ~ 22.10.27
"2022년 10월 KAIST 기간제 근로자(연수연구원, 위촉연구원) 모집 공고",한국과학기술원,"건설,기계,전기.전자,정보통신",비정규직,"대졸(4년),석사,박사",신입+경력,대전,6,22.10.12 ~ 22.10.27
한전KDN(주) 전북사업처 배전DAS용 통신공사 일용근로자 모집공고,한전KDN,정보통신,비정규직,학력무관,신입+경력,전북,1,22.10.12 ~ 22.10.26
부산울산경남지역본부 직할 5-1차 AMI통신망 시설공사_부산 작업원 채용,한전KDN,정보통신,비정규직,학력무관,신입+경력,부산,7,22.10.11 ~ 22.10.25
[한국기술교육대학교] 2022년 하반기 신입직원 채용 공고,한국기술교육대학교,"경영.회계.사무,교육.자연.사회과학,문화.예술.디자인.방송,정보통신","무기계약직,청년인턴(채용형)",학력무관,신입,"서울,충남",18,22.10.11 ~ 22.10.26
2022년 4차 위촉연구원 공개채용,한국전자통신연구원,"기계,재료,화학,전기.전자,정보통신,환경.에너지.안전,연구",비정규직,"석사,박사",신입+경력,"대전,대구",13,22.10.11 ~ 22.10.25
2022년 4차 박사후연수연구원 공개채용,한국전자통신연구원,"경영.회계.사무,법률.경찰.소방.교도.국방,보건.의료,기계,재료,화학,전기.전자,정보통신,환경.에너지.안전,연구",비정규직,박사,신입+경력,"대전,대구,광주",46,22.10.11 ~ 22.10.25
국방과학연구소 22년 하반기 임용 전문연구요원 공개채용,국방과학연구소,"기계,전기.전자,정보통신",정규직,"석사,박사",신입+경력,"대전,경남",4,22.10.07 ~ 22.10.21
한전KDN(주) 대구경북지역본부 포항지사 저압AMI 우선구축 공사 사업 작업원 모집공고,한전KDN,정보통신,비정규직,학력무관,신입+경력,경북,6,22.10.07 ~ 22.10.21
2022년 대한민국 남극과학기지 월동연구대(시설관리직) 채용 3차 재공고,극지연구소,정보통신,비정규직,학력무관,경력,"인천,해외",1,22.10.07 ~ 22.10.23
한전KDN(주) 경북사업처 배전공가 작업원 모집,한전KDN,"전기.전자,정보통신",비정규직,학력무관,신입+경력,경북,2,22.10.07 ~ 22.10.21
"[한국수자원공사] 충북지역협력단 진천, 증평현대화사업팀 특수직(건설사업_기술관리) 채용공고",한국수자원공사,"건설,기계,전기.전자,정보통신",비정규직,학력무관,신입+경력,충북,2,22.10.07 ~ 22.10.14
[아리랑국제방송] 체험형 청년인턴 채용,국제방송교류재단,"경영.회계.사무,정보통신",청년인턴(체험형),학력무관,신입,서울,2,22.10.07 ~ 22.10.17
[한국수자원공사] 파주수도지사 SWM사업 특수직(기술관리_건설사업) 채용 공고(재공고),한국수자원공사,"기계,전기.전자,정보통신,환경.에너지.안전",비정규직,학력무관,신입+경력,경기,1,22.10.07 ~ 22.10.18
NCS 및 블라인드 기반 직무능력중심 2022년 하반기 신입직원 채용공고,울산항만공사,"경영.회계.사무,건설,정보통신,환경.에너지.안전",정규직,학력무관,신입,울산,9,22.10.06 ~ 22.10.21
2023년 상반기 체험형 청년인턴 채용공고,울산항만공사,"경영.회계.사무,건설,정보통신,환경.에너지.안전",청년인턴(체험형),"학력무관,고졸",신입,울산,10,22.10.06 ~ 22.10.21
[한국수자원공사] 보령권지사 단기계약근로자(하수도 시설운영 보조) 채용 공고,한국수자원공사,"기계,전기.전자,정보통신,환경.에너지.안전",비정규직,학력무관,신입+경력,충남,2,22.10.06 ~ 22.10.13
한전KDN(주) 경기북부사업처 AMI분야(통신모뎀시설) 일용근로자 모집공고,한전KDN,정보통신,비정규직,학력무관,신입+경력,경기,12,22.10.06 ~ 22.10.20
한전KDN 경남사업처 실효계기 교체 AMI통신망 보강공사 일용근로자 채용공고,한전KDN,"전기.전자,정보통신",비정규직,학력무관,신입+경력,경남,8,22.10.06 ~ 22.10.20
한전KDN(주) 서남ENG사업팀 발전제어분야 기간제근로자 채용공고,한전KDN,정보통신,비정규직,학력무관,신입+경력,충남,1,22.10.05 ~ 22.10.19
2022년 한국고용노동교육원 하반기 직원 채용공고,한국고용노동교육원,"경영.회계.사무,교육.자연.사회과학,경비.청소,이용.숙박.여행.오락.스포츠,건설,정보통신","정규직,청년인턴(채용형)","학력무관,박사",신입+경력,경기,6,22.10.05 ~ 22.10.20
한전KDN(주) 전북사업처 OA설비유지보수 일용근로자 채용 공고,한전KDN,정보통신,비정규직,학력무관,신입+경력,전북,2,22.10.05 ~ 22.10.09
"2022년도 하반기 DGIST 일반정규직[기술직,행정직] 직원 공개채용 공고",대구경북과학기술원,"사업관리,경영.회계.사무,정보통신,환경.에너지.안전",정규직,학력무관,신입+경력,대구,3,22.10.05 ~ 22.10.19
한전KDN(주) 경기강원지역본부 직할 미터링사업분야 작업원 모집공고,한전KDN,정보통신,비정규직,학력무관,신입+경력,경기,16,22.10.05 ~ 22.10.19
2022년 국민체육진흥공단 일반직 7급 채용공고,서울올림픽기념국민체육진흥공단,"경영.회계.사무,이용.숙박.여행.오락.스포츠,건설,전기.전자,정보통신",정규직,학력무관,신입,"서울,경기,경남",25,22.10.05 ~ 22.10.20
한전KDN(주) 원전인프라팀 기간제근로자 채용 공고,한전KDN,정보통신,비정규직,학력무관,신입+경력,"대전,경북",6,22.10.05 ~ 22.10.19
[한국수자원공사] 경남서부권지사 특수직(수탁운영_지방상수도 시설운영) 채용 공고,한국수자원공사,"건설,기계,화학,전기.전자,정보통신,환경.에너지.안전",비정규직,학력무관,신입+경력,경남,1,22.10.05 ~ 22.10.12
2022년 한국제품안전관리원 하반기 정규직 직원 채용 공고,한국제품안전관리원,"정보통신,환경.에너지.안전,연구",정규직,학력무관,신입,서울,10,22.10.05 ~ 22.10.18
한전KDN 광주전라제주지역본부 직할 미터링사업팀 『5-1차 AMI통신망 시설공사_광주전남』6차 작업원 사용 공고,한전KDN,"전기.전자,정보통신",비정규직,학력무관,신입+경력,광주,7,22.10.04 ~ 22.10.08
한국자활복지개발원 2022년 직원 채용 공고(9차),재단법인 한국자활복지개발원,"경영.회계.사무,정보통신","정규직,비정규직",학력무관,경력,서울,3,22.10.04 ~ 22.10.18
"2022년도 한국동서발전(주) 신입직원(대졸 일반/보훈, 고졸) 및 경력직(안전관리) 선발",한국동서발전(주),"경영.회계.사무,건설,기계,화학,전기.전자,정보통신,환경.에너지.안전",정규직,학력무관,신입+경력,"울산,경기,강원,충남,충북,전남",30,22.10.04 ~ 22.10.19
"[아리랑국제방송] 육아휴직대체(예산관리, 데이터 아키텍처 및 온라인 플랫폼 관리) 인력 채용",국제방송교류재단,"경영.회계.사무,정보통신",비정규직,학력무관,신입+경력,서울,2,22.10.04 ~ 22.10.19
한전KDN(주) 인천사업처 배전분야 작업원 모집공고,한전KDN,정보통신,비정규직,학력무관,신입+경력,"인천,경기",3,22.09.30 ~ 22.10.14
2022년 하반기 대학원 전임교원 공개 초빙,대구경북과학기술원,"교육.자연.사회과학,기계,재료,화학,전기.전자,정보통신,환경.에너지.안전",정규직,박사,신입+경력,대구,0,22.09.30 ~ 22.10.19
2022년 한국도로공사 전문직(데이터분석 전문가) 채용 공고,한국도로공사,정보통신,비정규직,"대졸(4년),석사,박사",신입+경력,경기,1,22.09.29 ~ 22.10.13
"2022년 정보통신기획평가원 직원채용(정규직(장애인), 변호사) 공고",정보통신기획평가원,"사업관리,경영.회계.사무,전기.전자,정보통신","정규직,비정규직",학력무관,신입+경력,대전,4,22.09.29 ~ 22.10.17
한전KDN(주) 전북사업처 AMI 분야 일용근로자 채용 공고,한전KDN,정보통신,비정규직,학력무관,신입+경력,전북,5,22.09.29 ~ 22.10.13
2022년 제2차 대졸수준 신입사원 선발,한국수력원자력(주),"사업관리,경영.회계.사무,건설,기계,화학,전기.전자,정보통신,환경.에너지.안전",정규직,"학력무관,중졸이하,고졸,대졸(2~3년),대졸(4년)",신입,"부산,울산,경기,강원,충북,경북,경남,전남,전북",150,22.09.29 ~ 22.10.14
2022년 한국도로공사 전문연구원(데이터분석 분야) 채용 공고,한국도로공사,"정보통신,연구",무기계약직,"대졸(4년),석사,박사",신입+경력,경기,2,22.09.29 ~ 22.10.13
2022년도 신입사원 채용 공고,한국농어촌공사,"사업관리,경영.회계.사무,건설,기계,전기.전자,정보통신,환경.에너지.안전","정규직,무기계약직",학력무관,신입,"인천,대전,대구,부산,광주,울산,경기,강원,충남,충북,경북,경남,전남,전북,제주,세종",370,22.09.29 ~ 22.10.13
한국의료분쟁조정중재원 2022년 제6차 직원채용 공고,한국의료분쟁조정중재원,"사업관리,경영.회계.사무,법률.경찰.소방.교도.국방,보건.의료,정보통신","정규직,무기계약직,비정규직","학력무관,석사",신입+경력,서울,11,22.09.29 ~ 22.10.13
한국형사·법무정책연구원 2022년도 제33차 채용공고 [행정직],한국형사·법무정책연구원,정보통신,정규직,대졸(4년),신입,서울,1,22.09.28 ~ 22.10.13
[한국수자원공사] 경북지역협력단 특수직(울릉SWM_건설사업) 채용 공고,한국수자원공사,"건설,전기.전자,정보통신,환경.에너지.안전",비정규직,학력무관,신입+경력,경북,2,22.09.28 ~ 22.10.05
[한국수자원공사] 경북지역협력단(군위군/포항시) 특수직(지방상수도 현대화사업) 채용 공고,한국수자원공사,"건설,기계,전기.전자,정보통신,환경.에너지.안전",비정규직,학력무관,신입+경력,경북,3,22.09.28 ~ 22.10.05
2022년 일반직 및 별정직 채용,한국가스공사,"사업관리,경영.회계.사무,교육.자연.사회과학,법률.경찰.소방.교도.국방,보건.의료,영업판매,기계,화학,전기.전자,정보통신,환경.에너지.안전",정규직,"학력무관,고졸,대졸(4년),석사",신입+경력,"서울,인천,대전,대구,부산,광주,울산,경기,강원,충남,충북,경북,경남,전남,전북,제주,세종",83,22.09.28 ~ 22.10.17
(22-0-16) KPS사업본부 특수사업직 3차 채용,한국항공우주연구원,"사업관리,경영.회계.사무,교육.자연.사회과학,기계,전기.전자,정보통신,연구",비정규직,"석사,박사",신입+경력,대전,6,22.09.28 ~ 22.10.12
(22-0-15) SBAS사업단 특수사업직 3차 채용,한국항공우주연구원,"사업관리,전기.전자,정보통신,연구",비정규직,"석사,박사",신입+경력,대전,1,22.09.28 ~ 22.10.12
(22-0-14) 2022년도 4분기 1차 별정직(유기계약직) 채용,한국항공우주연구원,"사업관리,건설,기계,전기.전자,정보통신,환경.에너지.안전,연구",비정규직,"대졸(4년),석사,박사",신입+경력,"대전,전남",4,22.09.28 ~ 22.10.12
2022년도 수시(6차) UNIST 전임교수 초빙(산업공학과),울산과학기술원,"교육.자연.사회과학,정보통신,연구",정규직,박사,신입+경력,울산,2,22.09.27 ~ 23.05.31
한전KDN(주) 광주전라제주지역본부 직할 미터링사업팀 『AMI분야 업무위탁용역』 일용근로자 채용 공고,한전KDN,"전기.전자,정보통신",비정규직,학력무관,신입+경력,광주,7,22.09.27 ~ 22.10.11
2022년도 2차 계약직(대체인력) 채용 재공고,한국고용정보원,"정보통신,연구",비정규직,"학력무관,석사",신입+경력,충북,4,22.09.27 ~ 22.10.07
한전KDN(주) 광주전라제주지역본부직할 일용근로자(장애인) 채용공고,한전KDN,"경영.회계.사무,전기.전자,정보통신",비정규직,학력무관,신입+경력,광주,2,22.09.27 ~ 22.10.03
한전KDN(주) 경북사업처 구미지사 일용근로자 채용 공고,한전KDN,"전기.전자,정보통신",비정규직,학력무관,신입+경력,경북,2,22.09.27 ~ 22.10.11
2022년도 하반기 국민건강보험공단 신규직원(일반ㆍ강원인재) 채용 공고,국민건강보험공단,"경영.회계.사무,보건.의료,사회복지.종교,정보통신",정규직,"학력무관,고졸",신입,"서울,인천,대전,대구,부산,광주,울산,경기,강원,충남,충북,경북,경남,전남,전북,제주,세종",257,22.09.27 ~ 22.10.11
[한국수자원공사] 수도권지역협력단 현대화사업 특수직(기술관리_건설사업) 채용 공고(재공고),한국수자원공사,"사업관리,기계,전기.전자,정보통신,환경.에너지.안전",비정규직,학력무관,신입+경력,경기,1,22.09.27 ~ 22.10.06
"2022년도 하반기 한국산림복지진흥원 정규직(5, 6급) 채용 공고",한국산림복지진흥원,"사업관리,경영.회계.사무,교육.자연.사회과학,보건.의료,이용.숙박.여행.오락.스포츠,전기.전자,정보통신,환경.에너지.안전,농림어업",정규직,"학력무관,고졸",신입,"대전,울산,경기,강원,충남,충북,경북,전남",18,22.09.27 ~ 22.10.13
2022년 하반기 경력직 공개채용,한국전기안전공사,"보건.의료,건설,기계,전기.전자,정보통신,환경.에너지.안전,연구",정규직,학력무관,경력,"대전,대구,광주,강원,전북",13,22.09.26 ~ 22.10.11
2022년 한국지식재산연구원 제4회 채용 공고,한국지식재산연구원,"사업관리,경영.회계.사무,법률.경찰.소방.교도.국방,정보통신,연구","비정규직,청년인턴(체험형)","학력무관,대졸(4년)",신입+경력,서울,3,22.09.23 ~ 22.10.08
2022년 체험형 청년인턴(장애인) 채용 공고,정보통신산업진흥원,"사업관리,경영.회계.사무,정보통신",청년인턴(체험형),학력무관,신입,충북,2,22.09.23 ~ 22.10.11
2022년 제4차 기간제 직원 채용,나노종합기술원,"사업관리,전기.전자,정보통신,연구",비정규직,대졸(4년),신입+경력,대전,9,22.09.23 ~ 22.10.07
"우체국물류지원단 2022년 2차 전문 계약직(물류연구, 정보화, 홍보) 채용 공고",(재)우체국물류지원단,"사업관리,경영.회계.사무,정보통신",비정규직,학력무관,경력,서울,3,22.09.23 ~ 22.10.07
2022년 하반기 직원 채용,한국저작권위원회,"사업관리,경영.회계.사무,교육.자연.사회과학,법률.경찰.소방.교도.국방,문화.예술.디자인.방송,정보통신","정규직,무기계약직,비정규직",학력무관,신입+경력,"서울,경남",8,22.09.22 ~ 22.10.07
"2022년 9월 KAIST 기간제 근로자(연수연구원, 위촉연구원) 모집 공고",한국과학기술원,"경영.회계.사무,교육.자연.사회과학,보건.의료,건설,기계,재료,화학,전기.전자,정보통신,환경.에너지.안전,연구",비정규직,"대졸(4년),석사,박사",신입+경력,대전,20,22.09.21 ~ 22.10.06
2022년도 수시(5차) UNIST 전임교수 초빙(컴퓨터공학과 추가),울산과학기술원,"교육.자연.사회과학,정보통신,연구",정규직,박사,신입+경력,울산,2,22.09.21 ~ 23.06.30
한전KDN(주) 대전충청지역본부 AMI분야 작업원 추가 채용 공고,한전KDN,"전기.전자,정보통신",비정규직,학력무관,신입+경력,"대전,충남,세종",9,22.09.21 ~ 22.10.05
한국투자공사 2022년 제6차 경력직원 채용,한국투자공사,"경영.회계.사무,금융.보험,정보통신",정규직,학력무관,경력,서울,7,22.09.21 ~ 22.10.12
전력연구원 2022년도 제3차 비정규직(위촉연구원) 채용공고,한국전력공사,"기계,재료,화학,전기.전자,정보통신,환경.에너지.안전,연구",비정규직,"석사,박사",신입+경력,"대전,전남",55,22.09.21 ~ 22.10.06
한전KDN 경기강원지역본부 직할 배전분야 현장작업원 모집 공고,한전KDN,정보통신,비정규직,학력무관,신입+경력,경기,2,22.09.20 ~ 22.10.04
한전KDN 경남사업처 WI-SUN 보강공사 및 5-1차 AMI통신망 시설공사 일용근로자 채용 공고,한전KDN,"전기.전자,정보통신",비정규직,학력무관,신입+경력,경남,3,22.09.20 ~ 22.09.24
2022년 대한민국 남극과학기지 월동연구대(시설관리직) 채용 2차 재공고(~10.4),극지연구소,"기계,전기.전자,정보통신",비정규직,학력무관,경력,"인천,해외",2,22.09.20 ~ 22.10.04
2022년도 제8회 현장 기간제 사원 공개경쟁채용 공고,코레일테크(주),"경영.회계.사무,경비.청소,건설,전기.전자,정보통신",비정규직,"학력무관,고졸",신입+경력,"서울,인천,대전,대구,부산,광주,울산,경기,강원,충남,충북,경북,경남,전남,전북",166,22.09.20 ~ 22.10.04
2022년 제6차 본사 기간제사원 채용모집 공고,코레일테크(주),"경영.회계.사무,정보통신",비정규직,"학력무관,대졸(4년)",신입+경력,"대전,대구",4,22.09.20 ~ 22.10.04
2022년 2차 위촉직 근로자 채용 공고,정보통신산업진흥원,"사업관리,정보통신",비정규직,학력무관,신입+경력,"서울,경기,충북",14,22.09.20 ~ 22.10.05
한전KDN(주) 경북사업처 AMI분야 아르바이트 채용 공고,한전KDN,"전기.전자,정보통신",비정규직,학력무관,신입+경력,경북,1,22.09.20 ~ 22.10.04
한전KDN(주) 대전충청지역본부 천안지사 배전분야 작업원 모집 공고,한전KDN,"전기.전자,정보통신",비정규직,학력무관,신입+경력,"대전,충남,충북,세종",2,22.09.19 ~ 22.10.03
한전KDN(주) 부산울산경남지역본부 직할 울산지사 AMI분야 작업원 고용공고,한전KDN,정보통신,비정규직,학력무관,신입+경력,울산,14,22.09.19 ~ 22.10.03
[한국수자원공사] 진도수도지사 실무직(수탁운영_지방상수도 시설운영) 채용 공고(지역제한채용),한국수자원공사,"건설,기계,전기.전자,정보통신,환경.에너지.안전",무기계약직,학력무관,신입+경력,전남,3,22.09.19 ~ 22.09.26
[제2022-23호] 2022년도 제8차 한국핵융합에너지연구원 비정규직 채용 공고,한국핵융합에너지연구원,"전기.전자,정보통신",비정규직,학력무관,신입+경력,대전,2,22.09.16 ~ 22.09.30
(제2022-4호) 아동권리보장원 직원 채용,아동권리보장원,"사업관리,법률.경찰.소방.교도.국방,정보통신",정규직,학력무관,신입+경력,서울,24,22.09.16 ~ 22.09.30
한전KDN(주) 경북사업처 배전공가 작업원 모집,한전KDN,"전기.전자,정보통신",비정규직,학력무관,신입+경력,경북,3,22.09.16 ~ 22.09.30
한전KDN(주) 광주전라제주지역본부 직할 배전사업팀 배전공가 시설내역 현장조사 일용근로자 채용 공고,한전KDN,"전기.전자,정보통신",비정규직,학력무관,신입+경력,"광주,전남",1,22.09.16 ~ 22.09.30
한국장애인고용공단 직원 채용 공고,한국장애인고용공단,"운전.운송,기계,전기.전자,정보통신","정규직,무기계약직,청년인턴(채용형)","학력무관,석사,박사",신입+경력,"서울,경기",5,22.09.15 ~ 22.09.30
계약직 통신기사(시설팀) 직원 채용 재공고,국립중앙의료원,"보건.의료,정보통신",비정규직,학력무관,신입+경력,서울,1,22.09.15 ~ 22.09.22
2022년 한국항로표지기술원 직원(기간제 계약직) 채용 2차 공고,한국항로표지기술원,정보통신,비정규직,"학력무관,대졸(2~3년),대졸(4년),석사",신입+경력,세종,1,22.09.15 ~ 22.10.03
한전KDN(주) 경남사업처 배전공가 일용원 채용,한전KDN,"전기.전자,정보통신",비정규직,학력무관,신입+경력,경남,1,22.09.15 ~ 22.09.21
한전KDN(주) 경북사업처 배전분야 작업원 모집 공고,한전KDN,"전기.전자,정보통신",비정규직,학력무관,신입+경력,경북,1,22.09.15 ~ 22.09.29
KAIST 설명가능 인공지능연구센터 연구교원 채용 공고,한국과학기술원,"사업관리,전기.전자,정보통신,연구",비정규직,박사,신입+경력,경기,2,22.09.14 ~ 22.09.29
2022년 4차 KOICA 기간제근로자 채용,한국국제협력단,"사업관리,경영.회계.사무,정보통신,환경.에너지.안전",비정규직,"학력무관,대졸(4년),석사,박사",신입+경력,경기,6,22.09.14 ~ 22.09.28
2022년도 한전KDN 제2차 국가보훈대상자 채용,한전KDN,"전기.전자,정보통신",정규직,학력무관,신입,"서울,인천,대전,대구,부산,광주,울산,경기,강원,충남,충북,경북,경남,전남,전북,제주,세종",5,22.09.14 ~ 22.09.29
한전KDN 충북사업처 제천지사 배전공가 시설내역조사 작업원 모집 공고,한전KDN,정보통신,비정규직,학력무관,신입+경력,충북,2,22.09.16 ~ 22.09.30
한국에너지공단 신입직원 채용 공고,한국에너지공단,"경영.회계.사무,건설,기계,화학,전기.전자,정보통신,환경.에너지.안전",정규직,학력무관,신입+경력,울산,55,22.09.14 ~ 22.09.29
[한국수자원공사](재공고)전남지역협력단 곡성현대화사업소 특수직(기술관리_건설사업) 채용 공고,한국수자원공사,"건설,기계,전기.전자,정보통신,환경.에너지.안전",비정규직,학력무관,신입+경력,전남,1,22.09.14 ~ 22.09.21
한전KDN 경남사업처 진주지사 5-1차 AMI통신망 시설공사 일용근로자 채용 공고,한전KDN,"전기.전자,정보통신",비정규직,학력무관,신입+경력,경남,9,22.09.13 ~ 22.09.27
"[한국수자원공사] 울산권지사,경남서부권지사(사천) 실무직(배출수 설비운영) 채용 공고",한국수자원공사,"기계,화학,전기.전자,정보통신,환경.에너지.안전",무기계약직,학력무관,신입+경력,"울산,경남",3,22.09.13 ~ 22.09.20
"[한국수자원공사] 봉화수도관리단, 청송권지사 실무직(수탁운영_지방상수도시설운영) 채용 공고(지역제한채용)",한국수자원공사,"건설,화학,정보통신,환경.에너지.안전",무기계약직,학력무관,신입+경력,경북,2,22.09.13 ~ 22.09.20
2022년도 예금보험공사 하반기 신입직원 채용안내,예금보험공사,"경영.회계.사무,금융.보험,정보통신",정규직,"학력무관,고졸",신입,서울,30,22.09.13 ~ 22.09.27
"한국문화정보원 2022년도 하반기 2차 직원(정규직(일반직 및 무기직), 한시적비정규직, 육아휴직대체)채용",한국문화정보원,"사업관리,경영.회계.사무,정보통신","정규직,무기계약직,비정규직","고졸,대졸(2~3년),대졸(4년),석사",신입+경력,"서울,대전",8,22.09.13 ~ 22.09.28
한전KDN(주) 대전충청지역본부 천안지사 AMI분야 작업원 채용 공고,한전KDN,"전기.전자,정보통신",비정규직,학력무관,신입+경력,"대전,충남,충북,세종",5,22.09.12 ~ 22.09.26
[중앙보훈병원] 기간제·업무지원직 직원 공개채용,한국보훈복지의료공단,"보건.의료,정보통신,연구","무기계약직,비정규직",학력무관,신입+경력,서울,17,22.09.08 ~ 22.09.19
서울대학교치과병원 기간제근무자 채용 공고,서울대학교치과병원,"경영.회계.사무,보건.의료,정보통신",비정규직,학력무관,신입+경력,서울,3,22.09.08 ~ 22.09.18
한전KDN(주) 부산울산경남지역본부 직할 전력통신팀 정보통신설비 유지보수 일용근로자 모집공고,한전KDN,정보통신,비정규직,학력무관,신입+경력,부산,1,22.09.08 ~ 22.09.22
[한국수자원공사] 파주수도지사 SWM사업 특수직(기술관리_건설사업) 채용 공고,한국수자원공사,"기계,전기.전자,정보통신,환경.에너지.안전",비정규직,학력무관,신입+경력,경기,1,22.09.08 ~ 22.09.16
2022년도 프로젝트 및 결원보충 대체인력 계약직 채용공고,한국전력기술주식회사,"사업관리,경영.회계.사무,건설,기계,전기.전자,정보통신,환경.에너지.안전,연구",비정규직,학력무관,신입+경력,"대전,울산,경북",15,22.09.08 ~ 22.09.23
한전KDN(주) 경기강원지역본부 직할 선로순시 일용근로자 모집공고,한전KDN,정보통신,비정규직,학력무관,신입+경력,경기,3,22.09.08 ~ 22.09.22
KAIST 제조 AI 빅데이터센터 위촉연구원 모집,한국과학기술원,"사업관리,정보통신",비정규직,"대졸(4년),석사",신입+경력,대전,3,22.09.08 ~ 22.09.25
한전KDN(주) 경기강원지역본부 용인지사 배전공가 시설내역조사 작업원 모집 공고,한전KDN,정보통신,비정규직,학력무관,신입+경력,경기,2,22.09.08 ~ 22.09.22
2022년 하반기 (주)강원랜드 경력직 채용,(주)강원랜드,"법률.경찰.소방.교도.국방,보건.의료,문화.예술.디자인.방송,이용.숙박.여행.오락.스포츠,정보통신,환경.에너지.안전","정규직,비정규직","학력무관,대졸(4년),석사,박사",경력,"서울,강원",11,22.09.07 ~ 22.09.22
한전KDN 경남사업처 5-1차 AMI통신망 시설공사 일용근로자 채용 공고,한전KDN,"전기.전자,정보통신",비정규직,학력무관,신입+경력,경남,10,22.09.07 ~ 22.09.21
한전KDN(주) 경북사업처 구미지사 작업원 채용 공고,한전KDN,"전기.전자,정보통신",비정규직,학력무관,신입+경력,경북,2,22.09.07 ~ 22.09.21
"국립호남권생물자원관 2022년 하반기 신규직원(관리직, 연구직, 공무직) 채용",국립호남권생물자원관,"경영.회계.사무,교육.자연.사회과학,문화.예술.디자인.방송,정보통신,환경.에너지.안전,연구","정규직,무기계약직","학력무관,고졸,대졸(2~3년),대졸(4년),석사,박사",신입+경력,전남,27,22.09.06 ~ 22.09.21
2022년도 한국국제협력단 일반직 및 공무직 신규채용 공고,한국국제협력단,"사업관리,경영.회계.사무,법률.경찰.소방.교도.국방,보건.의료,문화.예술.디자인.방송,정보통신","정규직,무기계약직",학력무관,신입+경력,경기,33,22.09.06 ~ 22.09.22
[한국수자원공사] 아산권지사 당진산업용수센터 특수직(산업용수 시설운영) 채용 공고,한국수자원공사,"건설,기계,전기.전자,정보통신,환경.에너지.안전",비정규직,학력무관,신입+경력,충남,1,22.09.06 ~ 22.09.13
KAIST 연구원 산하 증강현실연구센터 위촉연구원(전문연구요원 포함) 및 연수연구원(Post-Doc) 모집 공고,한국과학기술원,"사업관리,정보통신,연구",비정규직,"대졸(4년),석사,박사",신입+경력,대전,4,22.09.06 ~ 22.09.23
제2022-5회 중이온가속기연구소 별정직 직원(육아휴직 대체인력) 채용 공고,기초과학연구원,정보통신,비정규직,학력무관,신입+경력,대전,1,22.09.06 ~ 22.09.21
평택기지지사 '22년 임시 기간제계약직 및 육아휴직대체인력(기간제계약직) 채용 공고,(주)한국가스기술공사,"건설,기계,재료,화학,전기.전자,정보통신,환경.에너지.안전",비정규직,학력무관,신입,경기,10,22.09.06 ~ 22.09.21
[한국수자원공사] 전남지역협력단 보성현대화사업소 특수직(기술관리_건설사업) 채용 공고,한국수자원공사,"건설,기계,전기.전자,정보통신,환경.에너지.안전",비정규직,학력무관,신입+경력,전남,1,22.09.06 ~ 22.09.13
한국영상자료원 NCS기반 정규직(일반직) 1인 공개경쟁 블라인드 채용 공고,한국영상자료원,정보통신,정규직,학력무관,신입+경력,서울,1,22.09.05 ~ 22.09.19
2022년 국립해양박물관 체험형 인턴 채용 공고,국립해양박물관,"경영.회계.사무,문화.예술.디자인.방송,정보통신",청년인턴(체험형),학력무관,신입+경력,부산,6,22.09.05 ~ 22.09.20
한국공공조직은행 2022년 제4차 직원 채용 공고,재단법인 한국공공조직은행,정보통신,정규직,학력무관,신입+경력,경기,1,22.09.05 ~ 22.09.20
한전KDN 대구경북지역본부 포항지사 AMI통신망 보강공사 작업원 모집공고,한전KDN,정보통신,비정규직,학력무관,신입+경력,경북,8,22.09.07 ~ 22.09.21
IBK기업은행 전문계약직(전자서명인증) 채용공고,중소기업은행,정보통신,비정규직,학력무관,경력,서울,1,22.09.02 ~ 22.09.19
IBK기업은행 전문계약직(클라우드 아키텍트) 채용공고,중소기업은행,정보통신,비정규직,학력무관,경력,서울,2,22.09.02 ~ 22.09.19
IBK기업은행 전문계약직(보안사고 분석대응) 채용공고,중소기업은행,정보통신,비정규직,학력무관,경력,서울,1,22.09.02 ~ 22.09.19
국방기술진흥연구소 개방형 직위 「방산혁신클러스터사업부장」 공개모집,국방기술품질원,"사업관리,경영.회계.사무,교육.자연.사회과학,건설,기계,재료,화학,섬유.의복,전기.전자,정보통신,환경.에너지.안전,연구",비정규직,"대졸(4년),석사,박사",경력,경남,1,22.09.01 ~ 22.09.15
한전KDN(주) 경남사업처 미터링사업팀 Wi-Sun 보강공사 일용원 채용,한전KDN,"전기.전자,정보통신",비정규직,학력무관,신입+경력,경남,2,22.09.01 ~ 22.09.16
제2022-4회 한국과학기술기획평가원 위촉연구직 공개채용,한국과학기술기획평가원,"사업관리,경영.회계.사무,교육.자연.사회과학,법률.경찰.소방.교도.국방,기계,재료,화학,섬유.의복,전기.전자,정보통신,환경.에너지.안전,연구",비정규직,"대졸(4년),석사,박사",신입+경력,충북,18,22.09.01 ~ 22.09.15
[한국표준과학연구원] 2022년 6차 정규직 공개채용,한국표준과학연구원,"경영.회계.사무,정보통신,연구",정규직,"학력무관,대졸(4년),석사,박사",신입+경력,대전,7,22.09.01 ~ 22.09.16
2022년도 하반기 정규직 채용 공고,한국항공우주연구원,"기계,전기.전자,정보통신,연구",정규직,"학력무관,대졸(4년),석사,박사",신입+경력,"대전,전남",11,22.09.01 ~ 22.09.16
한전KDN(주) 공공사업부 기간제근로자 채용공고,한전KDN,정보통신,비정규직,학력무관,신입+경력,경기,1,22.09.01 ~ 22.09.15
"[한국수자원공사] 충북지역협력단 진천, 증평현대화사업팀 특수직(건설사업_기술관리) 채용공고",한국수자원공사,"건설,기계,전기.전자,정보통신",비정규직,학력무관,신입+경력,충북,2,22.09.01 ~ 22.09.08
과학기술정책연구원 2차 행정직(정규직) 채용,과학기술정책연구원,"경영.회계.사무,정보통신",정규직,"고졸,대졸(2~3년),대졸(4년),석사,박사",신입+경력,세종,1,22.09.01 ~ 22.09.16
대한법률구조공단 일반직 7급(전산담당) 제한경쟁채용 시험 공고,대한법률구조공단,"경영.회계.사무,법률.경찰.소방.교도.국방,정보통신",정규직,학력무관,경력,경북,1,22.09.01 ~ 22.09.15
2023년 1차 정규직 및 실무직 공개채용[3단계 전환 포함],한국전자통신연구원,"사업관리,경영.회계.사무,건설,전기.전자,정보통신,환경.에너지.안전,연구","정규직,무기계약직","학력무관,석사",신입+경력,"대전,대구,광주,경기",56,22.09.01 ~ 22.09.16
한전KDN(주) 제주사업처 AMI분야 일용근로자 채용 공고,한전KDN,"전기.전자,정보통신",비정규직,학력무관,신입+경력,제주,5,22.09.01 ~ 22.09.15
2022년도 한국건설기술연구원 정규직 채용 공고,한국건설기술연구원,"사업관리,경영.회계.사무,건설,정보통신,환경.에너지.안전,연구",정규직,"학력무관,석사,박사",신입,"경기,경북",18,22.09.01 ~ 22.09.16
2022년도 제5차 공개경쟁 채용 공고,한국전기연구원,"경영.회계.사무,법률.경찰.소방.교도.국방,건설,전기.전자,정보통신,환경.에너지.안전,연구","정규직,무기계약직","학력무관,대졸(4년),석사,박사",신입+경력,"광주,경기,경남",21,22.09.01 ~ 22.09.16
(22-0-13) KPS사업본부 특수사업직 2차 채용,한국항공우주연구원,"사업관리,교육.자연.사회과학,기계,전기.전자,정보통신,연구",비정규직,"석사,박사",신입+경력,대전,7,22.08.31 ~ 22.09.14
(22-0-12) SBAS사업단 특수사업직 2차 채용,한국항공우주연구원,"사업관리,전기.전자,정보통신,연구",비정규직,"대졸(4년),석사,박사",신입+경력,대전,1,22.08.31 ~ 22.09.14
(22-0-11) 2022년도 3분기 3차 별정직(유기계약직) 채용,한국항공우주연구원,"사업관리,경영.회계.사무,건설,전기.전자,정보통신,환경.에너지.안전,연구",비정규직,"대졸(4년),석사,박사",신입+경력,"대전,전남",3,22.08.31 ~ 22.09.14
한국방송통신전파진흥원 신입 및 경력 직원 채용 공고,한국방송통신전파진흥원,"사업관리,경영.회계.사무,법률.경찰.소방.교도.국방,문화.예술.디자인.방송,기계,전기.전자,정보통신","정규직,무기계약직",학력무관,신입+경력,"서울,인천,대전,대구,부산,광주,경기,강원,충북,경북,경남,전남,전북,제주",21,22.08.31 ~ 22.09.14
"실무직 채용 공고(사무, 검사, 운전 등)",한국교통안전공단,"경영.회계.사무,운전.운송,경비.청소,전기.전자,정보통신,환경.에너지.안전",무기계약직,학력무관,신입+경력,"서울,경기,경북,전북",12,22.08.31 ~ 22.09.16
한전KDN(주) 경남사업처 미터링사업팀 일용원 채용,한전KDN,"전기.전자,정보통신",비정규직,학력무관,신입+경력,경남,1,22.08.30 ~ 22.09.13
한전KDN경북사업처 배전공가분야 작업원 모집,한전KDN,"전기.전자,정보통신",비정규직,학력무관,신입+경력,경북,2,22.08.30 ~ 22.09.13
한전KDN(주) 경남사업처 미터링사업팀 일용원 채용,한전KDN,"전기.전자,정보통신",비정규직,학력무관,신입+경력,경남,5,22.08.30 ~ 22.09.23
한전KDN(주) 울산지사 저압AMI통신망 보강공사 작업원 고용 공고,한전KDN,정보통신,비정규직,학력무관,신입+경력,울산,6,22.08.30 ~ 22.09.13
국립생태원 생태신기술팀 기간제근로자(육아휴직 대체) 채용 재공고,국립생태원,"정보통신,환경.에너지.안전,연구",비정규직,"학력무관,대졸(4년),석사",신입+경력,충남,2,22.08.30 ~ 22.09.06
한국자활복지개발원 2022년 직원(8차) 및 청년인턴(체험형) 채용 공고,재단법인 한국자활복지개발원,"교육.자연.사회과학,보건.의료,사회복지.종교,경비.청소,정보통신","무기계약직,비정규직,청년인턴(체험형)",학력무관,신입+경력,"서울,충북",7,22.08.30 ~ 22.09.13
한전KDN(주) 원전인프라팀 기간제근로자 채용 공고,한전KDN,정보통신,비정규직,학력무관,신입+경력,"대전,경북",6,22.08.30 ~ 22.09.13
"KAIST IT융합연구소 위촉연구원(감염병 예방 기술연구, 프로젝트 관리/SW백엔드/ SW인공지능,디지털트윈) 채용 모집 공고",한국과학기술원,"전기.전자,정보통신,환경.에너지.안전,연구",비정규직,"석사,박사",신입+경력,대전,3,22.08.30 ~ 22.09.14
2022년 하반기 건강보험심사평가원 NCS기반 신규직원(정규직) 채용공고,건강보험심사평가원,"경영.회계.사무,보건.의료,정보통신,연구",정규직,"학력무관,고졸,대졸(2~3년),대졸(4년),석사",신입+경력,강원,128,22.08.30 ~ 22.09.13
2022년 공영홈쇼핑 신입직 채용 공고,(주)공영홈쇼핑,"사업관리,경영.회계.사무,법률.경찰.소방.교도.국방,문화.예술.디자인.방송,영업판매,정보통신",정규직,학력무관,신입,서울,20,22.08.29 ~ 22.09.13
2022년 한국잡월드 5급 정규직 신입 직원 채용 공고,한국잡월드,"경영.회계.사무,문화.예술.디자인.방송,영업판매,정보통신",정규직,학력무관,신입,경기,7,22.08.29 ~ 22.09.13
[국가과학기술인력개발원] 2022년 제6회 정규직(시설관리직) 및 위촉직(육아휴직대체) 채용,국가과학기술인력개발원,"교육.자연.사회과학,정보통신,환경.에너지.안전","정규직,비정규직",학력무관,신입+경력,충북,3,22.08.29 ~ 22.09.12
한전KDN(주) 강릉지사 아르바이트 채용 모집공고,한전KDN,정보통신,비정규직,학력무관,신입+경력,강원,1,22.08.29 ~ 22.09.12
한전KDN(주)강릉지사 저압AMI 통신망 시설공사 일용근로자 모집공고,한전KDN,정보통신,비정규직,학력무관,신입+경력,강원,11,22.08.29 ~ 22.09.12
한국체육산업개발(주) 전임직 채용공고,한국체육산업개발(주),"영업판매,이용.숙박.여행.오락.스포츠,정보통신","무기계약직,비정규직",학력무관,신입+경력,"서울,경기",11,22.08.26 ~ 22.09.12
[경북지부] 전문계약직(정보통신감리) 채용공고,도로교통공단,"사업관리,정보통신",비정규직,학력무관,신입+경력,경북,1,22.08.25 ~ 22.09.07
2022년 제3차 전문위원 채용 공고,중소기업기술정보진흥원,"사업관리,경영.회계.사무,정보통신",비정규직,"학력무관,대졸(4년),박사",경력,세종,3,22.08.25 ~ 22.09.13
2022년 중소기업 R&D PM 채용 공고,중소기업기술정보진흥원,"사업관리,전기.전자,정보통신,환경.에너지.안전",비정규직,"학력무관,석사,박사",경력,서울,2,22.08.25 ~ 22.09.13
한국해양수산연수원 2022년 하반기 계약직 및 청년인턴 직원 채용 공고,한국해양수산연수원,"경영.회계.사무,교육.자연.사회과학,운전.운송,음식서비스,기계,전기.전자,정보통신,식품가공,환경.에너지.안전,농림어업,연구","비정규직,청년인턴(체험형)","학력무관,대졸(4년),박사",신입+경력,부산,28,22.08.25 ~ 22.09.01
한전KDN 전북사업처 검침곤란개소 AMI 모뎀 시설 일용근로자 채용 공고,한전KDN,정보통신,비정규직,학력무관,신입+경력,전북,4,22.08.25 ~ 22.09.08
2022년 제3차 정규직 채용공고,한국생산기술연구원,"사업관리,경영.회계.사무,법률.경찰.소방.교도.국방,보건.의료,건설,전기.전자,정보통신,환경.에너지.안전,연구","정규직,무기계약직","대졸(4년),석사,박사",신입+경력,"서울,인천,대구,부산,광주,울산,경기,강원,충남,경북,경남,전북,제주",5,22.08.24 ~ 22.09.08
한전KDN(주) 대전충청지역본부 직할 AMI분야 작업원 모집 공고,한전KDN,"전기.전자,정보통신",비정규직,학력무관,신입+경력,"대전,충남,세종",9,22.08.24 ~ 22.09.07
한전KDN(주) 경남사업처 배전공가 일용원 채용,한전KDN,"전기.전자,정보통신",비정규직,학력무관,신입+경력,경남,2,22.08.24 ~ 22.08.31
[중앙보훈병원] 기간제(기술직)·업무지원직 직원 공개채용,한국보훈복지의료공단,"사업관리,보건.의료,경비.청소,음식서비스,정보통신","무기계약직,비정규직",학력무관,신입+경력,서울,13,22.08.24 ~ 22.08.29
한전KDN(주) 전북사업처 배전공가 일용원 채용 공고,한전KDN,정보통신,비정규직,학력무관,신입+경력,전북,1,22.08.24 ~ 22.08.28
2022년도 3차 직원 채용 공고,한국고용정보원,"경영.회계.사무,정보통신,연구",정규직,"학력무관,석사,박사",신입,충북,8,22.08.24 ~ 22.09.08
[한국수자원공사] 수도권지역협력단 현대화사업 특수직(기술관리_건설사업) 채용 공고,한국수자원공사,"사업관리,기계,전기.전자,정보통신,환경.에너지.안전",비정규직,학력무관,신입+경력,경기,1,22.08.23 ~ 22.08.31
[한국수자원공사] 전주권지사 실무직(기술관리_배출수 설비운영) 채용 공고,한국수자원공사,"기계,전기.전자,정보통신,환경.에너지.안전",무기계약직,학력무관,신입+경력,전북,1,22.08.23 ~ 22.08.30
[한국수자원공사] 서산권지사 실무직(수탁운영_지방상수도 시설운영) 채용 재공고(지역제한채용),한국수자원공사,"건설,기계,전기.전자,정보통신,환경.에너지.안전",무기계약직,학력무관,신입+경력,충남,2,22.08.23 ~ 22.08.30
[한국수자원공사] 강원지역협력본부 현대화사업 특수직(기술관리_건설사업) 채용 공고 (4차),한국수자원공사,"사업관리,기계,전기.전자,정보통신,환경.에너지.안전",비정규직,학력무관,신입+경력,강원,5,22.08.22 ~ 22.09.02
[한국수자원공사] 강원지역협력본부 SWM사업 특수직(기술관리_건설사업) 채용 공고 (4차),한국수자원공사,"사업관리,기계,전기.전자,정보통신,환경.에너지.안전",비정규직,학력무관,신입+경력,강원,1,22.08.22 ~ 22.09.02
한국공항공사 2022년도 전문연구원(정책연구 및 연구개발) 채용,한국공항공사,"교육.자연.사회과학,기계,전기.전자,정보통신,연구",무기계약직,"대졸(4년),석사,박사",경력,서울,7,22.08.22 ~ 22.09.05
환경보전협회 2022년 하반기 정규직 채용공고,환경보전협회,"경영.회계.사무,문화.예술.디자인.방송,정보통신,환경.에너지.안전",정규직,학력무관,신입+경력,"서울,대구,경북",22,22.08.22 ~ 22.09.05
2022년 한국농업기술진흥원 제2차 전문계약직 채용(제한경쟁) 재공고,한국농업기술진흥원,"사업관리,경영.회계.사무,기계,전기.전자,정보통신,농림어업",비정규직,박사,신입+경력,전북,2,22.08.19 ~ 22.08.26
한전KDN(주) 경북사업처 AMI분야 일용근로자 채용,한전KDN,"전기.전자,정보통신",비정규직,학력무관,신입+경력,경북,4,22.08.19 ~ 22.09.02
한전KDN(주) 경북사업처 배전분야 작업원 모집 공고,한전KDN,"전기.전자,정보통신",비정규직,학력무관,신입+경력,경북,1,22.08.19 ~ 22.09.02
한국승강기안전공단 2022년 기간제근로자(정보화 전담인력) 채용 재공고,한국승강기안전공단,정보통신,비정규직,"대졸(4년),석사,박사",경력,경남,1,22.08.19 ~ 22.09.01
대구경북첨단의료산업진흥재단 제3차 정원외 계약직원 채용 연장공고,대구경북첨단의료산업진흥재단,"사업관리,경영.회계.사무,보건.의료,기계,화학,전기.전자,정보통신,연구","비정규직,청년인턴(체험형)","대졸(4년),석사,박사",신입+경력,대구,14,22.08.19 ~ 22.09.04
[한국수자원공사] 경북지역협력단 특수직(울릉SWM_건설사업) 채용 공고,한국수자원공사,"건설,기계,전기.전자,정보통신",비정규직,학력무관,신입+경력,경북,2,22.08.19 ~ 22.08.26
[한국수자원공사] 경북지역협력단(군위군/포항시/안동시) 특수직(지방상수도 현대화사업) 채용 공고,한국수자원공사,"건설,기계,전기.전자,정보통신",비정규직,학력무관,신입+경력,경북,3,22.08.19 ~ 22.08.26
2022년도 수도권매립지관리공사 신입직원 채용 공고(일반정규직),수도권매립지관리공사,"경영.회계.사무,법률.경찰.소방.교도.국방,건설,전기.전자,정보통신,환경.에너지.안전",정규직,학력무관,신입,인천,14,22.08.19 ~ 22.09.02
2022년도 수도권매립지관리공사 신입직원 채용 공고(공무직),수도권매립지관리공사,"경비.청소,전기.전자,정보통신",정규직,학력무관,신입,인천,7,22.08.19 ~ 22.09.02
제2022-4차 직원 및 청년인턴 채용 공고(채용공고 제2022-04호),국가생명윤리정책원,"사업관리,경영.회계.사무,보건.의료,정보통신,연구","정규직,비정규직,청년인턴(체험형),청년인턴(채용형)",학력무관,신입+경력,서울,11,22.08.19 ~ 22.08.29
한전KDN(주) 인천사업처 AMI분야 일용(작업)원 채용 공고,한전KDN,정보통신,비정규직,학력무관,신입+경력,"인천,경기",15,22.08.18 ~ 22.09.01
한전KDN(주) 경북사업처 구미지사 일용원 채용 공고,한전KDN,"전기.전자,정보통신",비정규직,학력무관,신입+경력,경북,9,22.08.18 ~ 22.09.02
2022년도 문화콘텐츠편찬실 청년인턴 공개 채용 공고,한국학중앙연구원,"사업관리,경영.회계.사무,교육.자연.사회과학,정보통신,연구",청년인턴(체험형),학력무관,신입,경기,2,22.08.18 ~ 22.09.03
[한국수자원공사] 부울경지역협력본부(김해시/합천군) 특수직(지방상수도 현대화사업) 채용 공고,한국수자원공사,"건설,기계,전기.전자,정보통신",비정규직,학력무관,신입+경력,경남,2,22.08.18 ~ 22.08.26
우체국물류지원단 2022년 1차 전문 계약직 채용 공고,(재)우체국물류지원단,"사업관리,경영.회계.사무,법률.경찰.소방.교도.국방,정보통신",비정규직,"고졸,대졸(2~3년),대졸(4년),석사,박사",경력,서울,5,22.08.18 ~ 22.09.01
"2022년 하반기 체험형 청년인턴(일반, 장애인) 채용공고",한전원자력연료주식회사,"사업관리,경영.회계.사무,기계,화학,전기.전자,정보통신,연구",청년인턴(체험형),학력무관,신입,대전,35,22.08.17 ~ 22.09.01
한전KDN(주) 전북사업처 AMI 분야(K-DCU 설치) 일용근로자 채용 공고,한전KDN,정보통신,비정규직,학력무관,신입+경력,전북,1,22.08.17 ~ 22.08.31
[한국수자원공사] 전북지역협력단 김제현대화사업소 특수직(기술관리_건설사업) 채용 공고,한국수자원공사,"건설,기계,전기.전자,정보통신",비정규직,학력무관,신입+경력,전북,1,22.08.17 ~ 22.08.24
[한국수자원공사] 전북지역협력단 군산현대화사업소 특수직(SWM기술관리_건설사업) 채용 공고,한국수자원공사,"건설,기계,전기.전자,정보통신",비정규직,학력무관,신입+경력,전북,1,22.08.17 ~ 22.08.24
한전KDN(주) 경북사업처 구미지사 작업원 채용 공고,한전KDN,"전기.전자,정보통신",비정규직,학력무관,신입+경력,경북,4,22.08.17 ~ 22.08.31
부산경남지사 제3차 임시 기간제계약직 및 육아휴직대체인력(기간제계약직) 채용 공고,(주)한국가스기술공사,"건설,기계,재료,화학,전기.전자,정보통신,환경.에너지.안전",비정규직,학력무관,신입,"부산,경남",6,22.08.17 ~ 22.08.31
2022-07호 한국탄소산업진흥원(데이터플랫폼 관리 및 공정데이터 분석지원),한국탄소산업진흥원,정보통신,정규직,"대졸(4년),석사",신입+경력,전북,1,22.08.16 ~ 22.08.30
한전KDN(주) 강원사업처 저압AMI 통신망 시설공사 일용근로자 채용,한전KDN,정보통신,비정규직,학력무관,신입+경력,강원,8,22.08.16 ~ 22.08.30
국립호남권생물자원관 2022년 신규직원(체험형 청년인턴) 채용 공고,국립호남권생물자원관,"경영.회계.사무,교육.자연.사회과학,문화.예술.디자인.방송,정보통신,환경.에너지.안전,연구",청년인턴(체험형),대졸(2~3년),신입+경력,전남,4,22.08.16 ~ 22.08.31
채용형 인턴 채용공고(정보운영),주택관리공단(주),"경영.회계.사무,정보통신",청년인턴(채용형),학력무관,신입+경력,경남,1,22.08.16 ~ 22.08.31
한전KDN(주) 부산울산경남지역본부 직할 미터링사업팀 일용근로자 고용,한전KDN,정보통신,비정규직,학력무관,신입+경력,부산,8,22.08.16 ~ 22.08.30
"2022년 8월 KAIST 기간제 근로자(연수연구원, 위촉연구원) 모집 공고",한국과학기술원,"경영.회계.사무,보건.의료,건설,기계,재료,전기.전자,정보통신,환경.에너지.안전",비정규직,"대졸(4년),석사,박사",신입+경력,"서울,대전",14,22.08.16 ~ 22.08.31
한국투자공사 2022년 청년인턴(일반/장애인) 채용,한국투자공사,"경영.회계.사무,금융.보험,법률.경찰.소방.교도.국방,정보통신",청년인턴(체험형),학력무관,신입,서울,25,22.08.16 ~ 22.09.06
[한국수자원공사] 전남지역협력단 곡성현대화사업소 특수직(기술관리_건설사업) 채용 공고,한국수자원공사,"건설,기계,전기.전자,정보통신,환경.에너지.안전",비정규직,학력무관,신입+경력,전남,1,22.08.12 ~ 22.08.19
2022년도 제3차 한국발명진흥회 전문계약직 채용,한국발명진흥회,"사업관리,금융.보험,교육.자연.사회과학,법률.경찰.소방.교도.국방,정보통신",비정규직,"학력무관,박사",신입+경력,"서울,대전,전북",14,22.08.12 ~ 22.08.25
[한국수자원공사] K-water연구원 수자원환경연구소 특수직(전문기술_S/W개발) 채용 공고,한국수자원공사,"정보통신,환경.에너지.안전",비정규직,학력무관,신입+경력,대전,2,22.08.12 ~ 22.08.19
한전KDN(주) 경남사업처 미터링사업팀 일용원 채용,한전KDN,"전기.전자,정보통신",비정규직,학력무관,신입+경력,경남,1,22.08.12 ~ 22.08.28
[한국수자원공사] 동화권지사 실무직(기술관리_배출수 설비운영) 채용 공고,한국수자원공사,"기계,전기.전자,정보통신,환경.에너지.안전",무기계약직,학력무관,신입+경력,전북,1,22.08.12 ~ 22.08.19
2022년 한전KDN(주) 경기북부사업처 AMI분야 일용근로자 4차 수시모집,한전KDN,정보통신,비정규직,학력무관,신입+경력,경기,20,22.08.12 ~ 22.08.26
한전KDN경북사업처 배전공가 작업원 모집,한전KDN,"전기.전자,정보통신",비정규직,학력무관,신입+경력,경북,4,22.08.12 ~ 22.08.26
한전KDN 광주전라제주지역본부 직할 순천지사 AMI(일용근로자) 채용 공고,한전KDN,"전기.전자,정보통신",비정규직,학력무관,신입+경력,전남,3,22.08.12 ~ 22.08.26
"칠곡경북대학교병원 2022년 8월 4차 임시직원 모집공고(간호사, 전산, 시설기술_건축, 설비, 전기)",경북대학교병원,"보건.의료,건설,전기.전자,정보통신",비정규직,"학력무관,대졸(2~3년)",신입+경력,대구,5,22.08.12 ~ 22.08.22
[중앙보훈병원] 기간제(보건직·기술직)·업무지원직 직원 공개채용,한국보훈복지의료공단,"보건.의료,경비.청소,음식서비스,정보통신","무기계약직,비정규직",학력무관,신입+경력,서울,13,22.08.12 ~ 22.08.22
한전KDN 광주전라제주지역본부 직할 미터링사업팀 『AMI분야 업무위탁용역』 일용근로자 채용공고,한전KDN,"전기.전자,정보통신",비정규직,학력무관,신입+경력,광주,5,22.08.11 ~ 22.08.25
"2022년 제4차 무기계약직 채용공고(보훈, 장애인 제한경쟁 / 전산 IT 분야)",산업연구원,"경영.회계.사무,전기.전자,정보통신",무기계약직,대졸(4년),신입+경력,세종,1,22.08.11 ~ 22.08.25
한전KDN(주) 부산울산경남지역본부 직할 전력통신팀 정보통신설비 유지보수 일용근로자 고용,한전KDN,정보통신,비정규직,학력무관,신입+경력,부산,1,22.08.11 ~ 22.08.25
한전KDN(주) 인천사업처 배전분야 작업원 채용 공고,한전KDN,정보통신,비정규직,학력무관,신입+경력,"인천,경기",2,22.08.11 ~ 22.08.25
한전KDN(주)강원사업처 배전공가 시설내역조사 일용근로자 채용,한전KDN,정보통신,비정규직,학력무관,신입+경력,강원,2,22.08.11 ~ 22.08.25
한전KDN(주)강원사업처 강릉지사 배전공가 시설내역조사 일용근로자 채용 공고,한전KDN,정보통신,비정규직,학력무관,신입+경력,강원,5,22.08.11 ~ 22.08.25
한전KDN(주) 대구경북지역본부 직할 5-1차 AMI통신망 시설공사 작업원 2차 모집공고,한전KDN,정보통신,비정규직,학력무관,신입+경력,대구,15,22.08.10 ~ 22.08.23
한전KDN(주) 경남사업처 진주지사 일용원 채용,한전KDN,"전기.전자,정보통신",비정규직,학력무관,경력,경남,7,22.08.10 ~ 22.08.26
노사발전재단 정보화기획팀 아르바이트 채용,노사발전재단,정보통신,비정규직,"대졸(2~3년),대졸(4년)",신입+경력,서울,1,22.08.10 ~ 22.08.18
한전KDN(주) 전북사업처 AMI분야 일용근로자 채용 공고,한전KDN,정보통신,비정규직,학력무관,신입+경력,전북,1,22.08.10 ~ 22.08.24
한전KDN(주) 대전충청지역본부 직할 배전분야 일용근로자 모집 공고,한전KDN,"전기.전자,정보통신",비정규직,학력무관,신입+경력,"대전,충남,세종",1,22.08.10 ~ 22.08.24
한전KDN(주)강남지사 AMI분야 작업원 채용 공고,한전KDN,"전기.전자,정보통신",비정규직,학력무관,신입+경력,서울,35,22.08.10 ~ 22.08.24
2022년 하반기 한국지능정보사회진흥원 무기·단기계약직 채용공고,한국지능정보사회진흥원,"사업관리,사회복지.종교,경비.청소,기계,정보통신","무기계약직,비정규직",학력무관,신입+경력,"대구,강원,제주",10,22.08.10 ~ 22.08.24
[한국수자원공사] 완도수도지사 특수직(기술관리_건설사업) 채용 공고,한국수자원공사,"건설,기계,전기.전자,정보통신,환경.에너지.안전",비정규직,학력무관,신입+경력,전남,2,22.08.10 ~ 22.08.19
2022년 하반기 한전KDN 체험형 청년 인턴 채용,한전KDN,"경영.회계.사무,정보통신",청년인턴(체험형),학력무관,신입,"서울,인천,대전,대구,부산,울산,경기,강원,충남,충북,경북,경남,전남,전북,제주",73,22.08.09 ~ 22.08.24
대구경북지사 임시 기간제 계약직 채용 2차 재공고,(주)한국가스기술공사,"건설,기계,재료,화학,전기.전자,정보통신,환경.에너지.안전",비정규직,학력무관,신입,경북,3,22.08.09 ~ 22.08.23
한전KDN(주) 부산울산사업처 배전공가조사 작업원 모집 공고,한전KDN,정보통신,비정규직,학력무관,신입+경력,부산,2,22.08.08 ~ 22.08.22
2022년 하반기 일반직 신입사원 보훈 공개채용,한국수자원공사,"사업관리,건설,기계,전기.전자,정보통신,환경.에너지.안전",정규직,학력무관,신입,"인천,대전,대구,부산,광주,울산,경기,강원,충남,충북,경북,경남,전남,전북,제주,세종,해외",40,22.08.08 ~ 22.08.22
2022년 하반기 시설운영직 신입사원 고졸(보훈) 공개채용,한국수자원공사,"사업관리,건설,기계,화학,전기.전자,정보통신,환경.에너지.안전",정규직,고졸,신입,"인천,대전,대구,부산,광주,울산,경기,강원,충남,충북,경북,경남,전남,전북,제주,세종",15,22.08.08 ~ 22.08.22
[한국수자원공사] 정읍권지사 특수직(수탁운영_지방상수도 시설관리) 채용 공고,한국수자원공사,"건설,기계,전기.전자,정보통신,환경.에너지.안전",비정규직,학력무관,신입+경력,전북,1,22.08.08 ~ 22.08.16
2022년 하반기 운영직 신입사원 고졸(장애인) 공개채용,한국수자원공사,"사업관리,건설,기계,전기.전자,정보통신,환경.에너지.안전",정규직,고졸,신입,"인천,대전,대구,부산,광주,울산,경기,강원,충남,충북,경북,경남,전남,전북,제주,세종",15,22.08.08 ~ 22.08.22
2022년 하반기 시설운영직 신입사원 고졸(일반) 공개채용,한국수자원공사,"사업관리,건설,기계,전기.전자,정보통신,환경.에너지.안전",정규직,고졸,신입,"인천,대전,대구,부산,광주,울산,경기,강원,충남,충북,경북,경남,전남,전북,제주,세종",40,22.08.08 ~ 22.08.22
2022년 하반기 일반직 신입사원 장애인 공개채용,한국수자원공사,"사업관리,건설,기계,전기.전자,정보통신,환경.에너지.안전",정규직,학력무관,신입,"인천,대전,대구,부산,광주,울산,경기,강원,충남,충북,경북,경남,전남,전북,제주,세종,해외",20,22.08.08 ~ 22.08.22
[한국산업기술진흥원] 2022년 한국산업기술진흥원 PD(디지털전환) 공개채용 공고,한국산업기술진흥원,"사업관리,기계,전기.전자,정보통신",비정규직,"대졸(4년),석사,박사",신입,서울,1,22.08.05 ~ 22.08.19
서울대학교치과병원 기간제근무자 채용 공고,서울대학교치과병원,"보건.의료,정보통신,연구",비정규직,학력무관,신입+경력,서울,4,22.08.05 ~ 22.08.19
[한국수자원공사] 경남서부권지사 특수직(지방상수도 시설운영) 채용 공고,한국수자원공사,"건설,기계,전기.전자,정보통신,환경.에너지.안전",비정규직,학력무관,신입+경력,경남,1,22.08.04 ~ 22.08.11
한전KDN(주) 부산울산경남지역본부 직할 배전사업팀 배전자동화 단순정비 아르바이트 채용,한전KDN,정보통신,비정규직,학력무관,신입+경력,부산,1,22.08.04 ~ 22.08.18
2022년 한국농업기술진흥원 제2차 전문계약직 채용(제한경쟁),한국농업기술진흥원,"사업관리,경영.회계.사무,기계,전기.전자,정보통신,농림어업",비정규직,박사,신입+경력,전북,2,22.08.04 ~ 22.08.18
2022년도 하반기 한국인터넷진흥원 공무직(민원분야-전화상담) 장애인 제한경쟁 채용,한국인터넷진흥원,정보통신,정규직,학력무관,신입+경력,전남,3,22.08.03 ~ 22.08.18
2022년도 하반기 한국인터넷진흥원 체험형 청년인턴 채용,한국인터넷진흥원,"경영.회계.사무,정보통신",청년인턴(체험형),학력무관,신입+경력,"서울,전남",30,22.08.03 ~ 22.08.18
2022년도 하반기 한국인터넷진흥원 체험형 청년인턴(장애인 제한경쟁) 채용,한국인터넷진흥원,"경영.회계.사무,정보통신",청년인턴(체험형),학력무관,신입+경력,"서울,전남",20,22.08.03 ~ 22.08.18
"[본부] 전문계약직 다급(경찰청 교통단속관리시스템 운영,관리) 채용 공고",도로교통공단,정보통신,비정규직,학력무관,경력,서울,1,22.08.03 ~ 22.08.12
[한국수자원공사] 제주지역협력본부 특수직(기술관리_건설사업) 채용 공고,한국수자원공사,"건설,기계,전기.전자,정보통신,환경.에너지.안전",비정규직,학력무관,신입+경력,제주,1,22.08.03 ~ 22.08.11
한전KDN 충북사업처 제천지사 배전공가 및 DAS공사 현장작업원 채용 공고,한전KDN,정보통신,비정규직,학력무관,신입+경력,충북,3,22.08.03 ~ 22.08.09
2022년도 2차 한국조폐공사 사회형평적 체험형인턴(장애인) 채용 공고,한국조폐공사,"경영.회계.사무,문화.예술.디자인.방송,정보통신",청년인턴(체험형),학력무관,신입,대전,3,22.08.02 ~ 22.08.16
"2022년 정보통신기획평가원 직원채용(정규직(장애, 보훈 취업지원), 변호사)",정보통신기획평가원,"사업관리,경영.회계.사무,교육.자연.사회과학,전기.전자,정보통신,연구","정규직,비정규직",학력무관,신입+경력,대전,5,22.08.01 ~ 22.08.22
한국자활복지개발원 2022년 직원(7차) 및 청년인턴(체험형) 채용 공고,재단법인 한국자활복지개발원,"사업관리,경영.회계.사무,사회복지.종교,정보통신","비정규직,청년인턴(체험형)",학력무관,신입+경력,"서울,충북",6,22.08.01 ~ 22.08.15
[한국수자원공사] 나주수도지사 특수직(수탁운영_지방상수도 시설운영) 채용 공고,한국수자원공사,"기계,전기.전자,정보통신,환경.에너지.안전",비정규직,학력무관,신입+경력,전남,1,22.08.01 ~ 22.08.09
[한국수자원공사] 전남지역협력단 해남현대화사업소 특수직(기술관리_건설사업) 채용 공고,한국수자원공사,"건설,기계,전기.전자,정보통신,환경.에너지.안전",비정규직,학력무관,신입+경력,전남,1,22.08.01 ~ 22.08.08
[한국수자원공사] 전남지역협력단 보성현대화사업소 특수직(기술관리_건설사업) 채용 공고,한국수자원공사,"건설,기계,전기.전자,정보통신,환경.에너지.안전",비정규직,학력무관,신입+경력,전남,1,22.08.01 ~ 22.08.08
KAIST 인공지능 공정성 연구센터 비전임직교원(연구교원) 채용 공고,한국과학기술원,"전기.전자,정보통신,연구",비정규직,박사,신입+경력,대전,2,22.08.01 ~ 22.08.16
[한국수자원공사] 전남지역협력단 곡성현대화사업소 특수직(기술관리_건설사업) 채용 공고,한국수자원공사,"건설,기계,전기.전자,정보통신,환경.에너지.안전",비정규직,학력무관,신입+경력,전남,1,22.08.01 ~ 22.08.08
2022년 한국데이터산업진흥원 제3차 직원 채용 공고,한국데이터산업진흥원,"사업관리,경영.회계.사무,정보통신","무기계약직,비정규직",학력무관,신입+경력,서울,7,22.08.01 ~ 22.08.16
한전KDN(주) 경남사업처 배전공가 일용원 채용,한전KDN,"전기.전자,정보통신",비정규직,학력무관,신입+경력,경남,1,22.07.30 ~ 22.08.07
한전KDN(주) 대구경북지역본부 직할 포항지사 AMI통신망 보강공사 작업원 채용 공고,한전KDN,정보통신,비정규직,학력무관,신입+경력,경북,9,22.07.29 ~ 22.08.07
"한국의약품안전관리원 2022년 8차 직원 채용(정규직, 무기계약직, 계약직)",한국의약품안전관리원,"사업관리,경영.회계.사무,교육.자연.사회과학,보건.의료,전기.전자,정보통신","정규직,무기계약직,비정규직","고졸,대졸(2~3년),대졸(4년)",신입+경력,경기,39,22.07.29 ~ 22.08.16
한전KDN(주) 부산울산경남지역본부 직할 울산지사 저압AMI통신망 보강공사 작업원 채용 공고,한전KDN,정보통신,비정규직,학력무관,신입+경력,울산,6,22.07.29 ~ 22.08.15
2022년 제2차 국립생태원 신규직원 채용 공고,국립생태원,"경영.회계.사무,문화.예술.디자인.방송,운전.운송,경비.청소,음식서비스,기계,전기.전자,정보통신,환경.에너지.안전,농림어업,연구","정규직,무기계약직",학력무관,신입+경력,"충남,경북,경남",31,22.07.29 ~ 22.08.16
[한국수자원공사] 부산울산경남지역협력본부 김해현대화 특수직(기술관리_건설사업) 채용 공고,한국수자원공사,"건설,기계,전기.전자,정보통신",비정규직,학력무관,신입+경력,경남,1,22.07.29 ~ 22.08.09
(22-0-10) KPS사업본부 특수사업직 채용,한국항공우주연구원,"사업관리,경영.회계.사무,교육.자연.사회과학,기계,전기.전자,정보통신,연구",비정규직,"학력무관,중졸이하,고졸,대졸(2~3년),대졸(4년),석사,박사",신입+경력,대전,27,22.07.28 ~ 22.08.12
2022년도 하반기 교통직(무기계약직) 공개채용 공고,도로교통공단,"경영.회계.사무,운전.운송,정보통신,환경.에너지.안전",무기계약직,학력무관,신입,"서울,인천,대구,부산,광주,경기,강원,충남,충북,경북,경남,전남,전북,제주",52,22.07.28 ~ 22.08.11
[데이터융합처] 전문계약직 채용 공고,도로교통공단,정보통신,비정규직,"학력무관,대졸(2~3년),대졸(4년),석사,박사",경력,강원,1,22.07.28 ~ 22.08.10
(22-0-9) 2022년 3분기 2차 별정직(유기계약직) 채용,한국항공우주연구원,"사업관리,경영.회계.사무,건설,전기.전자,정보통신,환경.에너지.안전,연구",비정규직,"학력무관,중졸이하,고졸,대졸(2~3년),대졸(4년),석사,박사",신입+경력,"대전,전남",6,22.07.28 ~ 22.08.12
한전KDN(주) 22년도 하반기 OPGW분야 현장근로자(일용) 모집공고,한전KDN,정보통신,비정규직,학력무관,신입+경력,"서울,인천,대전,대구,부산,광주,울산,경기,강원,충남,충북,경북,경남,전남,전북,제주,세종",12,22.07.27 ~ 22.08.10
(22-0-8) SBAS사업단 특수사업직 채용,한국항공우주연구원,"사업관리,전기.전자,정보통신,연구",비정규직,"대졸(4년),석사,박사",신입+경력,"대전,충북",4,22.07.27 ~ 22.08.11
한전KDN(주) 부산울산경남지역본부 직할 미터링사업팀 2022년 저압AMI 통신망 보강공사 작업원 채용공고,한전KDN,정보통신,비정규직,학력무관,신입+경력,부산,20,22.07.27 ~ 22.08.10
[한국수자원공사] 광주수도지사 특수직(수탁운영_지방상수도 시설운영) 채용 공고,한국수자원공사,"기계,전기.전자,정보통신,환경.에너지.안전",비정규직,학력무관,신입+경력,경기,2,22.07.27 ~ 22.08.05
2022년도 한국원자력통제기술원 정규직 채용,한국원자력통제기술원,"사업관리,경영.회계.사무,금융.보험,교육.자연.사회과학,법률.경찰.소방.교도.국방,운전.운송,건설,기계,재료,화학,전기.전자,정보통신,환경.에너지.안전,연구",정규직,"대졸(4년),석사,박사",신입+경력,대전,6,22.07.27 ~ 22.09.13
2022년 1차 초빙연구원 공개채용,한국전자통신연구원,"전기.전자,정보통신,연구",비정규직,학력무관,신입+경력,경기,3,22.07.27 ~ 22.08.10
한국동서발전(주) 2022년도 하반기 체험형 인턴 선발,한국동서발전(주),"경영.회계.사무,기계,화학,전기.전자,정보통신,환경.에너지.안전",청년인턴(체험형),학력무관,신입,"대전,울산,경기,강원,충남,충북,전남",90,22.07.26 ~ 22.08.10
한전KDN(주) 경북사업처 배전사업팀 일용근로자 채용 공고,한전KDN,"전기.전자,정보통신",비정규직,학력무관,신입+경력,경북,1,22.07.26 ~ 22.08.09
KAIST IT융합연구소 위촉연구원(SW-백엔드/공간정보) 모집 공고,한국과학기술원,"전기.전자,정보통신",비정규직,"석사,박사",신입+경력,대전,2,22.07.26 ~ 22.08.11
"한국장애인고용공단 특정업무직(콜센터상담원, 전산관리원) 채용공고",한국장애인고용공단,"경영.회계.사무,사회복지.종교,정보통신","무기계약직,청년인턴(채용형)",학력무관,신입+경력,경기,2,22.07.26 ~ 22.08.02
[중앙보훈병원] 기간제(보건직·기술직)·업무지원직 직원 공개채용,한국보훈복지의료공단,"사업관리,보건.의료,경비.청소,음식서비스,정보통신","무기계약직,비정규직",학력무관,신입+경력,서울,17,22.07.26 ~ 22.08.04
[한국수자원공사] 청송권지사 및 봉화수도관리단 실무직(수탁운영_지방상수도시설운영) 채용 공고(지역제한채용),한국수자원공사,"건설,기계,재료,화학,정보통신,환경.에너지.안전",무기계약직,학력무관,신입+경력,경북,3,22.07.26 ~ 22.08.02
[한국수자원공사] 청송권지사 실무직(수탁운영_하수도 시설운영) 채용 공고(지역제한채용),한국수자원공사,"건설,기계,재료,화학,전기.전자,정보통신,환경.에너지.안전",무기계약직,학력무관,신입+경력,경북,1,22.07.26 ~ 22.08.02
[한국수자원공사] 울산권지사 및 경남서부권지사 실무직(배출수 설비운영) 채용 공고(장애인 제한채용),한국수자원공사,"기계,전기.전자,정보통신,환경.에너지.안전",무기계약직,학력무관,신입+경력,경남,3,22.07.26 ~ 22.08.02
한국사회보장정보원 2022년도 제3차 직원 채용공고,한국사회보장정보원,"사업관리,경영.회계.사무,보건.의료,사회복지.종교,정보통신","정규직,무기계약직,비정규직,청년인턴(체험형)","학력무관,고졸,대졸(2~3년),대졸(4년),석사,박사",신입,서울,49,22.07.25 ~ 22.08.11
[한국수자원공사] 파주수도지사 특수직(수탁운영_지방상수도 시설운영) 채용 공고,한국수자원공사,"기계,전기.전자,정보통신,환경.에너지.안전",비정규직,학력무관,신입+경력,경기,1,22.07.25 ~ 22.08.02
인천국제공항공사 2022년 하반기 체험형 인턴 채용 공고,인천국제공항공사,"경영.회계.사무,법률.경찰.소방.교도.국방,운전.운송,건설,기계,전기.전자,정보통신,환경.에너지.안전",청년인턴(체험형),학력무관,신입,인천,80,22.07.25 ~ 22.08.08
한전KDN(주)강원사업처 강릉지사 저압AMI 통신망 시설공사 일용근로자 채용,한전KDN,정보통신,비정규직,학력무관,신입+경력,강원,16,22.07.25 ~ 22.08.08
[한국수자원공사] 동화권지사 실무직(기술관리_배출수 설비운영) 채용 공고(장애인 제한채용),한국수자원공사,"기계,전기.전자,정보통신,환경.에너지.안전",무기계약직,학력무관,신입+경력,전북,1,22.07.22 ~ 22.08.02
한국산업인력공단 일반직6급 신규직원 채용공고,한국산업인력공단,"경영.회계.사무,문화.예술.디자인.방송,정보통신",정규직,"학력무관,고졸,대졸(2~3년),대졸(4년),석사",신입,"서울,인천,대전,대구,부산,광주,울산,경기,강원,충남,충북,경북,경남,전남,전북,제주,세종",95,22.07.22 ~ 22.08.05
[한국수자원공사] 장흥수도관리단 실무직(수탁운영_지방상수도 시설운영) 채용 공고(지역제한채용),한국수자원공사,"건설,기계,화학,전기.전자,정보통신",무기계약직,학력무관,신입+경력,전남,1,22.07.22 ~ 22.08.02
[한국수자원공사] 진도수도지사 실무직(수탁운영_지방상수도 시설운영) 채용 공고(지역제한채용),한국수자원공사,"건설,기계,전기.전자,정보통신,환경.에너지.안전",무기계약직,학력무관,신입+경력,전남,2,22.07.22 ~ 22.08.02
[한국수자원공사] 완도수도지사 실무직(수탁운영_지방상수도 시설운영) 채용 공고(지역제한채용),한국수자원공사,"건설,기계,전기.전자,정보통신,환경.에너지.안전",무기계약직,학력무관,신입+경력,전남,2,22.07.22 ~ 22.08.02
[한국수자원공사] 경기동북권지사 단기계약근로자(시설운영) 채용 공고,한국수자원공사,"기계,전기.전자,정보통신,환경.에너지.안전",비정규직,학력무관,신입+경력,경기,1,22.07.22 ~ 22.08.01
계약직 전문원(대체인력) 채용 공고(전산직),한국환경연구원,정보통신,비정규직,대졸(4년),신입+경력,세종,1,22.07.22 ~ 22.08.06
민주시민·통일교육연구실 위촉직 채용,한국교육개발원,"사업관리,교육.자연.사회과학,정보통신,환경.에너지.안전",비정규직,학력무관,신입+경력,충북,1,22.07.22 ~ 22.08.01
한전KDN경북사업처 배전공가 작업원 모집,한전KDN,"전기.전자,정보통신",비정규직,학력무관,신입+경력,경북,7,22.07.22 ~ 22.08.04
한전KDN경북사업처 AMI분야 일용근로자 모집,한전KDN,"전기.전자,정보통신",비정규직,학력무관,신입+경력,경북,5,22.07.22 ~ 22.08.04
한국세라믹기술원 2022년도 제3분기 채용공고(계약직),한국세라믹기술원,"사업관리,경영.회계.사무,재료,정보통신,연구",비정규직,"학력무관,중졸이하,고졸,대졸(2~3년),대졸(4년),석사",신입+경력,"경기,충북,경남",34,22.07.22 ~ 22.08.08
한국세라믹기술원 2022년도 제3분기 채용공고(전문연구요원),한국세라믹기술원,"재료,정보통신,연구",비정규직,"석사,박사",신입+경력,경남,1,22.07.22 ~ 22.08.08
22년도 GKL 하반기 경력직 채용,그랜드코리아레저(주),"경영.회계.사무,운전.운송,정보통신","정규직,무기계약직",학력무관,경력,서울,5,22.07.22 ~ 22.08.09
한국의료분쟁조정중재원 2022년 제5차 직원채용 공고,한국의료분쟁조정중재원,"경영.회계.사무,법률.경찰.소방.교도.국방,보건.의료,정보통신","정규직,무기계약직,비정규직","학력무관,석사",신입+경력,서울,13,22.07.21 ~ 22.08.04
2022년 하반기 직원 공개채용 공고,(주)한국가스기술공사,"사업관리,경영.회계.사무,건설,기계,재료,화학,전기.전자,정보통신,환경.에너지.안전","정규직,청년인턴(체험형)",학력무관,신입+경력,"서울,인천,대전,대구,부산,광주,울산,경기,강원,충남,충북,경북,경남,전남,전북,제주,세종",156,22.07.21 ~ 22.08.04
한전KDN(주) 경기강원지역본부 용인지사 배전공가 시설내역조사 작업원 모집 공고,한전KDN,정보통신,비정규직,학력무관,신입+경력,경기,4,22.07.20 ~ 22.08.03
"2022년 제3차 기간제(육아휴직 대체인력, 전문연구요원, 과제연구원) 공개채용",한국기초과학지원연구원,"사업관리,경영.회계.사무,건설,재료,화학,정보통신,환경.에너지.안전,연구",비정규직,"고졸,대졸(2~3년),대졸(4년),석사",신입+경력,"서울,대전,대구,부산,강원,충북",14,22.07.20 ~ 22.08.03
[한국수자원공사] 전주권지사 실무직(기술관리_배출수 설비운영) 채용 공고(장애인 제한채용),한국수자원공사,"기계,전기.전자,정보통신,환경.에너지.안전",무기계약직,학력무관,신입+경력,전북,1,22.07.20 ~ 22.07.27
[한국수자원공사] 서산권지사 실무직(수탁운영_지방상수도 시설운영) 채용 공고(지역제한채용),한국수자원공사,"건설,기계,전기.전자,정보통신,환경.에너지.안전",무기계약직,학력무관,신입+경력,충남,3,22.07.20 ~ 22.07.27
한전KDN(주) 광주전라제주지역본부직할 목포지사 AMI 일괄위탁 유지보수 일용근로자 채용,한전KDN,"전기.전자,정보통신",비정규직,학력무관,신입+경력,전남,2,22.07.20 ~ 22.08.03
2022년 1차 항공안전기술원 직원 채용 공고(기간제근로자),항공안전기술원,"사업관리,경영.회계.사무,운전.운송,기계,전기.전자,정보통신,환경.에너지.안전,연구",비정규직,"고졸,대졸(4년),석사,박사",신입+경력,인천,20,22.07.20 ~ 22.08.04
[한국수자원공사] 전남북부권지사 함평현대화사업소 특수직(기술관리_건설사업) 채용 공고,한국수자원공사,"건설,기계,전기.전자,정보통신",비정규직,학력무관,신입+경력,전남,1,22.07.20 ~ 22.07.27
[한국수자원공사] 화성권지사 실무직(기술관리(설비운영)_배출수 처리시설) 채용 공고(장애인 제한채용),한국수자원공사,"기계,전기.전자,정보통신,환경.에너지.안전",무기계약직,학력무관,신입+경력,경기,1,22.07.19 ~ 22.07.26
[한국수자원공사] 경기서북권지사 실무직(기술관리(설비운영)_배출수 처리시설) 채용 공고(장애인 제한채용),한국수자원공사,"기계,전기.전자,정보통신,환경.에너지.안전",무기계약직,학력무관,신입+경력,경기,1,22.07.19 ~ 22.07.26
한전KDN 경북사업처 배전분야 작업원 모집 공고,한전KDN,"전기.전자,정보통신",비정규직,학력무관,신입+경력,경북,1,22.07.19 ~ 22.08.02
2022년 하반기 인천항만공사 체험형 청년인턴 채용공고,인천항만공사,"경영.회계.사무,전기.전자,정보통신,환경.에너지.안전",청년인턴(체험형),학력무관,신입,인천,13,22.07.19 ~ 22.08.03
[한국수자원공사]부울경지역협력본부 창원현대화사업 특수직(기술관리) 채용공고,한국수자원공사,"건설,기계,전기.전자,정보통신",비정규직,학력무관,신입+경력,경남,1,22.07.18 ~ 22.07.26
[한국수자원공사] 울산권지사 단기계약근로자(기술관리-배출수설비운영) 채용공고,한국수자원공사,"기계,전기.전자,정보통신,환경.에너지.안전",비정규직,학력무관,신입+경력,울산,1,22.07.18 ~ 22.07.25
한전KDN 제천지사 배전공가 시설내역조사 및 DAS공사 현장작업원 채용 공고,한전KDN,정보통신,비정규직,학력무관,신입+경력,충북,3,22.07.18 ~ 22.08.01
한국문화예술교육진흥원 22-4차 직원 채용 공고,한국문화예술교육진흥원,"사업관리,경영.회계.사무,법률.경찰.소방.교도.국방,문화.예술.디자인.방송,정보통신","정규직,무기계약직,비정규직",학력무관,신입+경력,서울,8,22.07.18 ~ 22.08.02
한전KDN(주) 제주사업처 배전공가 일용근로자 채용 공고,한전KDN,"전기.전자,정보통신",비정규직,학력무관,신입+경력,제주,2,22.07.16 ~ 22.07.31
2022년도 제4차 한국에너지기술평가원 신규직원 채용,한국에너지기술평가원,"사업관리,경영.회계.사무,건설,정보통신,환경.에너지.안전","정규직,무기계약직,비정규직,청년인턴(체험형)","학력무관,고졸",신입+경력,"서울,전북",19,22.07.15 ~ 22.08.01
[한국수자원공사] 완도수도지사 특수직(기술관리_건설사업) 채용 공고,한국수자원공사,"건설,기계,전기.전자,정보통신,환경.에너지.안전",비정규직,학력무관,신입+경력,전남,2,22.07.15 ~ 22.07.22
[한국수자원공사] 충북지역협력단 진천현대화사업팀 특수직(건설사업_기술관리) 채용공고,한국수자원공사,"건설,기계,전기.전자,정보통신",비정규직,학력무관,신입+경력,충북,1,22.07.15 ~ 22.07.22
2022년도 수시(3차) UNIST 전임교수 초빙(컴퓨터공학과 추가),울산과학기술원,"교육.자연.사회과학,정보통신,연구",정규직,박사,신입+경력,울산,1,22.07.15 ~ 22.12.31
"[한국수자원공사] (재공고)예천수도지사 단기계약근로자(수탁운영, 육아휴직 대체인력) 채용 공고",한국수자원공사,"기계,전기.전자,정보통신,환경.에너지.안전",비정규직,학력무관,신입+경력,경북,1,22.07.15 ~ 22.07.22
한전KDN(주) 5-1차 AMI통신망 시설공사 작업원 모집공고,한전KDN,정보통신,비정규직,학력무관,신입+경력,대구,33,22.07.15 ~ 22.07.29
한전KDN(주) 강원사업처 AMI 일괄위탁 유지보수 및 단순정비 일용근로자 채용,한전KDN,정보통신,비정규직,학력무관,신입+경력,강원,1,22.07.15 ~ 22.07.22
한전KDN(주) 강원사업처 AMI일괄위탁 유지보수 및 단순정비 일용근로자 채용(영서),한전KDN,정보통신,비정규직,학력무관,신입+경력,강원,10,22.07.14 ~ 22.07.28
한전KDN(주) 강원사업처 실효계기 보강공사 일용근로자 채용(영서),한전KDN,정보통신,비정규직,학력무관,신입+경력,강원,10,22.07.14 ~ 22.07.28
한전KDN(주) 광주전라제주지역본부 직할 전력통신팀 일용원 채용 공고,한전KDN,"전기.전자,정보통신",비정규직,학력무관,신입+경력,"광주,전남",1,22.07.14 ~ 22.07.28
"대구경북첨단의료산업진흥재단 제3차 정원외 계약직원(위촉연구원, 기간제근로자, 일경험청년인턴) 채용 공고",대구경북첨단의료산업진흥재단,"사업관리,경영.회계.사무,교육.자연.사회과학,법률.경찰.소방.교도.국방,보건.의료,기계,화학,전기.전자,정보통신,연구","비정규직,청년인턴(체험형)","대졸(2~3년),대졸(4년),석사,박사",신입+경력,대구,24,22.07.14 ~ 22.07.31
2022년도 3차 체험형 인턴 채용공고,한국중부발전(주),"경영.회계.사무,건설,기계,화학,전기.전자,정보통신,환경.에너지.안전",청년인턴(체험형),학력무관,신입,"서울,인천,충남,제주,세종",95,22.07.14 ~ 22.07.29
한전KDN(주) 경남사업처 미터링사업팀 일용원 채용,한전KDN,"전기.전자,정보통신",비정규직,학력무관,신입+경력,경남,3,22.07.14 ~ 22.07.28
[한국수자원공사] 충북지역협력단 옥천현대화사업팀 특수직(건설사업_기술관리) 채용공고,한국수자원공사,"건설,기계,전기.전자,정보통신",비정규직,학력무관,신입+경력,충북,1,22.07.14 ~ 22.07.21
한전KDN(주) 경남사업처 배전사업팀 일용원 채용,한전KDN,"전기.전자,정보통신",비정규직,학력무관,신입+경력,경남,4,22.07.14 ~ 22.07.20
한전KDN(주) 대전충청지역본부 직할 AMI분야 작업원 모집 공고,한전KDN,"전기.전자,정보통신",비정규직,학력무관,신입+경력,"대전,충남,세종",15,22.07.14 ~ 22.07.28
2022년 한국지식재산연구원 제3회 채용 공고,한국지식재산연구원,"사업관리,경영.회계.사무,법률.경찰.소방.교도.국방,정보통신,연구","정규직,비정규직","고졸,대졸(2~3년),대졸(4년),석사,박사",신입+경력,서울,6,22.07.13 ~ 22.07.28
한전KDN(주)강북지사 AMI분야 작업원 고용 공고,한전KDN,"전기.전자,정보통신",비정규직,학력무관,신입+경력,서울,24,22.07.13 ~ 22.07.27
[한국수자원공사] 충북지역협력단 세종운영팀 특수직(건설사업_기술관리) 채용공고,한국수자원공사,"건설,기계,전기.전자,정보통신",비정규직,학력무관,신입+경력,세종,2,22.07.13 ~ 22.07.20
[중앙보훈병원] 2022년 3분기 정규직 직원 채용 공고,한국보훈복지의료공단,"보건.의료,기계,정보통신",정규직,학력무관,신입+경력,서울,11,22.07.13 ~ 22.07.22
대전충청지사 임시 기간제계약직 채용 공고,(주)한국가스기술공사,"건설,기계,재료,전기.전자,정보통신,환경.에너지.안전",비정규직,학력무관,신입+경력,대전,3,22.07.13 ~ 22.07.27
계약직 통신기사(시설팀) 직원 채용 공고,국립중앙의료원,"보건.의료,정보통신",비정규직,학력무관,신입+경력,서울,1,22.07.12 ~ 22.07.27
한전KDN(주) 광주전라제주지역본부 광주직할 배전공가 시설내역조사 일용근로자 채용,한전KDN,"전기.전자,정보통신",비정규직,학력무관,신입+경력,"광주,전남",9,22.07.12 ~ 22.07.26
2022년 한국등산·트레킹지원센터 정규직(5급) 하반기 채용 공고,한국등산·트레킹지원센터,"경영.회계.사무,이용.숙박.여행.오락.스포츠,정보통신",정규직,학력무관,신입,"서울,인천,대전,대구,부산,광주,울산,경기,강원,충남,충북,경북,경남,전남,전북,제주,세종",4,22.07.12 ~ 22.07.26
[한국조세재정연구원] 전문직(전문원) 신규인력 채용,한국조세재정연구원,"사업관리,경영.회계.사무,정보통신","정규직,비정규직",학력무관,신입+경력,세종,1,22.07.11 ~ 22.07.26
2022년도 제7회 현장 기간제 사원 공개경쟁채용 공고,코레일테크(주),"사업관리,경비.청소,건설,전기.전자,정보통신",비정규직,"학력무관,고졸",신입+경력,"서울,인천,대전,대구,부산,광주,울산,경기,강원,충남,충북,경북,경남,전남,전북",202,22.07.11 ~ 22.07.25
한국폴리텍대학 제주캠퍼스 2022학년 2학기 학위과정 강사 채용 공고문,학교법인한국폴리텍,"교육.자연.사회과학,정보통신",비정규직,"대졸(2~3년),대졸(4년),석사,박사",신입+경력,제주,3,22.07.11 ~ 22.07.18
2022년도 2차 계약직(대체인력) 채용,한국고용정보원,"정보통신,연구",비정규직,"학력무관,석사",신입+경력,충북,5,22.07.11 ~ 22.07.21
2022년도 하반기 청년인턴 채용공고,한국고용정보원,"사업관리,경영.회계.사무,정보통신,연구",청년인턴(체험형),"학력무관,석사",신입,충북,43,22.07.11 ~ 22.07.21
한전KDN 경기강원지역본부 직할 미터링분야 일용원(아르바이트) 고용공고,한전KDN,정보통신,비정규직,학력무관,신입+경력,경기,6,22.07.11 ~ 22.07.25
한전KDN(주) 경기강원지역본부 직할 미터링사업분야 작업원 모집공고,한전KDN,정보통신,비정규직,학력무관,신입+경력,경기,8,22.07.11 ~ 22.07.25
2022년도 한전KDN 제1차 국가보훈대상자 채용,한전KDN,"경영.회계.사무,전기.전자,정보통신",정규직,학력무관,신입,"서울,인천,대전,대구,부산,광주,울산,경기,강원,충남,충북,경북,경남,전남,전북,제주,세종",10,22.07.11 ~ 22.07.26
[한국수자원공사] 충남중부권지사 단기계약근로자(시설운영 교대근무) 채용 공고,한국수자원공사,"기계,전기.전자,정보통신,환경.에너지.안전",비정규직,학력무관,신입+경력,충남,1,22.07.08 ~ 22.07.15
"2022년도 한국마사회 일반직(5급, 6급) 신입사원 채용 공고",한국마사회,"사업관리,경영.회계.사무,법률.경찰.소방.교도.국방,보건.의료,문화.예술.디자인.방송,영업판매,이용.숙박.여행.오락.스포츠,건설,기계,화학,전기.전자,정보통신,환경.에너지.안전,농림어업,연구",정규직,학력무관,신입,"서울,인천,대구,부산,광주,경기,경북,경남,전북,제주",40,22.07.08 ~ 22.07.22
2022년 제4차 공개경쟁채용 재공고,한국여성인권진흥원,"사업관리,경영.회계.사무,교육.자연.사회과학,사회복지.종교,정보통신",비정규직,"학력무관,고졸,대졸(2~3년),대졸(4년),석사,박사",신입+경력,서울,15,22.07.08 ~ 22.07.18
KAIST 문화기술연구소 비주얼미디어연구실(노준용 교수) 연수연구원(Post-doc) 모집 공고,한국과학기술원,"문화.예술.디자인.방송,전기.전자,정보통신,연구",비정규직,박사,신입+경력,대전,1,22.07.08 ~ 22.07.25
한전KDN(주) 인천사업처 정보통신분야 일용(작업)원 채용 공고,한전KDN,정보통신,비정규직,학력무관,경력,"인천,경기",4,22.07.08 ~ 22.07.22
한전KDN(주) 전북사업처 배전공가(일용원) 채용 공고,한전KDN,정보통신,비정규직,학력무관,신입+경력,전북,1,22.07.07 ~ 22.07.11
한전KDN(주) ICT설비 유지보수관리 프로젝트계약근로자 모집공고,한전KDN,정보통신,비정규직,학력무관,신입+경력,충남,1,22.07.07 ~ 22.07.11
[한국수자원공사] 울산권지사 단기계약근로자(기술관리_배출수설비운영) 채용공고(장애인제한경쟁),한국수자원공사,"기계,전기.전자,정보통신,환경.에너지.안전",비정규직,학력무관,신입+경력,울산,1,22.07.06 ~ 22.07.13
"2022년 제2차 공무직(전산, 웹그래픽디자이너, 미화) 채용 공고",한국소비자원,"문화.예술.디자인.방송,경비.청소,정보통신",무기계약직,학력무관,신입+경력,"경기,충북",4,22.07.06 ~ 22.07.20
[한국수자원공사] 보령권지사 단기계약근로자(도수로 운영관리) 채용 공고,한국수자원공사,"기계,전기.전자,정보통신,환경.에너지.안전",비정규직,학력무관,신입+경력,충남,8,22.07.06 ~ 22.07.13
[한국수자원공사] 전주권지사 단기계약근로자(시설운영 교대근무) 채용 공고,한국수자원공사,"기계,전기.전자,정보통신,환경.에너지.안전",비정규직,학력무관,신입+경력,전북,1,22.07.06 ~ 22.07.13
"[중앙보훈병원] 기간제 직원(보건직,기술직,기능직) 공개채용",한국보훈복지의료공단,"보건.의료,정보통신",비정규직,학력무관,신입+경력,서울,5,22.07.06 ~ 22.07.15
한전KDN(주) 인천사업처 배전공가분야 작업원(일용원) 채용 공고,한전KDN,정보통신,비정규직,학력무관,신입+경력,"인천,경기",5,22.07.06 ~ 22.07.20
[한국수자원공사] 경남서부권지사 고성수도센터 특수직(SWM_건설사업) 채용 공고,한국수자원공사,"건설,기계,전기.전자,정보통신",비정규직,학력무관,신입+경력,경남,1,22.07.06 ~ 22.07.13
한전KDN(주) 포항지사 5-1차 AMI 통신망 시설공사 작업원 추가 모집 공고,한전KDN,정보통신,비정규직,학력무관,신입+경력,경북,9,22.07.06 ~ 22.07.20
한전KDN(주) 인천사업처 배전분야 작업원(일용원) 채용 공고,한전KDN,정보통신,비정규직,학력무관,신입+경력,"인천,경기",3,22.07.06 ~ 22.07.20
한전KDN(주) 인천사업처 배전분야 일용근로자 채용 공고(장애인),한전KDN,정보통신,비정규직,학력무관,신입+경력,인천,1,22.07.06 ~ 22.07.20
2022년 하반기 해양환경공단 장애인 및 공무직 채용 공고,해양환경공단,"경비.청소,정보통신","정규직,무기계약직","학력무관,중졸이하,고졸,대졸(4년)",신입,"서울,부산",4,22.07.05 ~ 22.07.20
서울대학교치과병원 기간제근무자 채용 공고,서울대학교치과병원,"보건.의료,정보통신",비정규직,학력무관,신입+경력,서울,4,22.07.05 ~ 22.07.17
한국수목원정원관리원 2022년 제2차 신규직원 공개채용 공고,한국수목원정원관리원,"사업관리,경영.회계.사무,교육.자연.사회과학,기계,정보통신,농림어업,연구","정규직,비정규직",학력무관,신입+경력,"강원,경북,세종",28,22.07.05 ~ 22.07.20
[경기도지부]전문계약직(정보통신감리원)채용 공고,도로교통공단,"사업관리,정보통신",비정규직,학력무관,경력,경기,1,22.07.04 ~ 22.07.11
2022년 3분기 한국잡월드 기간제근로자 및 체험형 청년인턴 채용 공고,한국잡월드,"경영.회계.사무,정보통신","비정규직,청년인턴(체험형)",학력무관,신입+경력,경기,2,22.07.04 ~ 22.07.19
한전KDN(주) 서남네트웍사업부(서부발전) 기간제근로자 채용공고,한전KDN,정보통신,비정규직,학력무관,신입+경력,충남,1,22.07.04 ~ 22.07.18
한전KDN(주) 강원사업처 강릉지사 일괄위탁 유지보수 및 5-1차 통신망 시설공사 일용근로자 채용,한전KDN,정보통신,비정규직,학력무관,신입+경력,강원,4,22.07.04 ~ 22.07.18
2022년 제2차 전문위원 채용 공고,중소기업기술정보진흥원,"사업관리,정보통신",비정규직,"학력무관,박사",경력,세종,2,22.07.01 ~ 22.07.18
한국교통연구원 2022년 직원 채용(3차) 공고,한국교통연구원,"경영.회계.사무,정보통신,연구","정규직,무기계약직","학력무관,대졸(4년),석사,박사",신입+경력,세종,7,22.07.01 ~ 22.07.18
(22-0-7) 2022년 3분기 1차 별정직(유기계약직) 채용,한국항공우주연구원,"전기.전자,정보통신,연구",비정규직,"대졸(4년),석사,박사",신입+경력,대전,2,22.07.01 ~ 22.07.15
한전KDN(주) 대구사업처 배전공가분야 작업원 모집 공고,한전KDN,"전기.전자,정보통신",비정규직,학력무관,신입+경력,대구,6,22.07.01 ~ 22.07.14
한국식품산업클러스터진흥원 2022년 제2차 정규직 직원 채용 공고,한국식품산업클러스터진흥원,"사업관리,경영.회계.사무,화학,정보통신,식품가공,연구",정규직,"고졸,대졸(2~3년),대졸(4년)",신입,전북,6,22.06.30 ~ 22.07.14
한전KDN(주) 원전인프라팀 기간제근로자 채용공고(사이버보안관제),한전KDN,정보통신,비정규직,학력무관,신입+경력,경북,7,22.06.30 ~ 22.07.14
한전KDN(주) 광주전남사업처 미터링사업팀 『5-1차 AMI통신망 시설공사_광주전남』 5차 작업원 사용 재공고,한전KDN,"전기.전자,정보통신",비정규직,학력무관,신입+경력,광주,7,22.06.30 ~ 22.07.04
한전KDN(주) 제주사업처 AMI분야 일용근로자 채용 공고,한전KDN,"전기.전자,정보통신",비정규직,학력무관,신입+경력,제주,2,22.06.30 ~ 22.07.14
[한국뇌연구원] 2022년도 제3차 직원(정규직)채용 공고,한국뇌연구원,"사업관리,경영.회계.사무,정보통신,연구",정규직,"학력무관,박사",신입+경력,대구,4,22.06.30 ~ 22.07.21
[한국수자원공사] 단양수도지사 특수직(수탁운영_지방상수도 시설운영) 채용 공고,한국수자원공사,"기계,전기.전자,정보통신,환경.에너지.안전",비정규직,학력무관,신입+경력,충북,1,22.06.30 ~ 22.07.07
[한국수자원공사] 거제권지사 특수직(SWM_건설사업) 채용 공고,한국수자원공사,"건설,기계,전기.전자,정보통신",비정규직,학력무관,신입+경력,경남,1,22.06.29 ~ 22.07.06
정보통신산업진흥원 정규직(일반직 및 전문직) 채용 공고,정보통신산업진흥원,"사업관리,경영.회계.사무,정보통신","정규직,무기계약직",학력무관,신입+경력,충북,21,22.06.29 ~ 22.07.14
KAIST 인공지능 양자컴퓨팅 IT 인력양성 연구센터 산학협력중점교수(연구교원) 채용 공고,한국과학기술원,"전기.전자,정보통신,연구",비정규직,"석사,박사",경력,대전,1,22.06.29 ~ 22.07.14
[한국수자원공사] 장흥수도관리단 특수직(기술관리_건설사업) 채용 공고,한국수자원공사,"건설,기계,전기.전자,정보통신,환경.에너지.안전",비정규직,학력무관,신입+경력,전남,2,22.06.29 ~ 22.07.06
2022년 한국지질자원연구원 제6차 기간제근로자 공개채용,한국지질자원연구원,"경영.회계.사무,정보통신,환경.에너지.안전",비정규직,학력무관,신입+경력,대전,2,22.06.28 ~ 22.07.13
2022년 제2차 국가평생교육진흥원 정규직 및 무기계약직 채용 공고,국가평생교육진흥원,"사업관리,경영.회계.사무,교육.자연.사회과학,정보통신","정규직,무기계약직",학력무관,신입+경력,서울,7,22.06.28 ~ 22.07.12
"[한국수자원공사] (재공고)예천수도지사 단기계약근로자(수탁운영, 육아휴직 대체인력) 채용 공고",한국수자원공사,"기계,전기.전자,정보통신,환경.에너지.안전",비정규직,학력무관,신입+경력,경북,1,22.06.28 ~ 22.07.05
민주화운동기념사업회 2022년 제4차 직원 채용,민주화운동기념사업회,"사업관리,경영.회계.사무,문화.예술.디자인.방송,정보통신","정규직,무기계약직",학력무관,신입+경력,경기,8,22.06.27 ~ 22.07.12
[한국수자원공사] 강원지역협력본부 SWM사업 특수직(기술관리_건설사업) 채용 공고,한국수자원공사,"사업관리,기계,전기.전자,정보통신,환경.에너지.안전",비정규직,학력무관,신입+경력,강원,1,22.06.27 ~ 22.07.08
[한국수자원공사] 강원지역협력본부 현대화사업 특수직(기술관리_건설사업) 채용 공고,한국수자원공사,"사업관리,기계,전기.전자,정보통신,환경.에너지.안전",비정규직,학력무관,신입+경력,강원,3,22.06.27 ~ 22.07.08
"한국우편사업진흥원 IT개발, 웹 디자인 및 퍼블리싱 직원 채용",(재)한국우편사업진흥원,"문화.예술.디자인.방송,정보통신","정규직,무기계약직",학력무관,경력,전남,4,22.06.27 ~ 22.07.12
2022년 제4차 공개경쟁채용,한국여성인권진흥원,"사업관리,경영.회계.사무,교육.자연.사회과학,사회복지.종교,정보통신","정규직,무기계약직,비정규직","학력무관,고졸,대졸(2~3년),대졸(4년),석사,박사",신입+경력,서울,21,22.06.24 ~ 22.07.07
서울지사 임시 기간제계약직 채용 공고,(주)한국가스기술공사,"건설,기계,재료,전기.전자,정보통신,환경.에너지.안전",비정규직,학력무관,신입,"서울,경기",4,22.06.24 ~ 22.07.08
한전KDN 충북사업처 배전공가 일용근로자 채용공고,한전KDN,정보통신,비정규직,학력무관,신입+경력,충북,1,22.06.24 ~ 22.07.08
[한국수자원공사] 진도수도지사 단기계약근로자(지방상수도 시설운영) 채용 공고,한국수자원공사,"기계,전기.전자,정보통신,환경.에너지.안전",비정규직,학력무관,신입+경력,전남,1,22.06.24 ~ 22.07.01
[한국수자원공사] 낙동강유역관리처 단기계약근로자(발전통합운영관리_교대근무) 채용 공고(3차),한국수자원공사,"기계,전기.전자,정보통신",비정규직,학력무관,신입+경력,대구,1,22.06.24 ~ 22.07.01
한전KDN(주) 경북사업처 배전사업팀 일용근로자 채용 공고,한전KDN,"전기.전자,정보통신",비정규직,학력무관,신입+경력,경북,2,22.06.23 ~ 22.07.07
KDI국제정책대학원 직원 채용,KDI국제정책대학원,"교육.자연.사회과학,경비.청소,정보통신",무기계약직,학력무관,신입+경력,세종,2,22.06.23 ~ 22.07.08
한전KDN(주) 전북사업처 AMI 모뎀 시설 및 안전기술지도 일용근로자 채용 공고,한전KDN,정보통신,비정규직,학력무관,신입+경력,전북,2,22.06.23 ~ 22.07.07
[한국수자원공사] 광주수도지사 특수직(수탁운영_지방상수도 시설운영) 채용 공고,한국수자원공사,"기계,전기.전자,정보통신,환경.에너지.안전",비정규직,학력무관,신입+경력,경기,1,22.06.22 ~ 22.06.29
한전KDN(주) 광주전남사업처 미터링사업팀 『검침험로 저압 AMI 구축공사』현장보조원 채용공고,한전KDN,"전기.전자,정보통신",비정규직,학력무관,신입+경력,광주,1,22.06.22 ~ 22.07.06
2022년도 신용보증재단중앙회 직원(경력·신입) 채용안내,신용보증재단중앙회,"경영.회계.사무,금융.보험,법률.경찰.소방.교도.국방,정보통신",정규직,학력무관,신입+경력,대전,16,22.06.24 ~ 22.07.07
2022년 제3차 직원(계약직 및 청년인턴) 채용,한국교육학술정보원,"경영.회계.사무,교육.자연.사회과학,정보통신,연구","비정규직,청년인턴(체험형)",학력무관,신입+경력,"서울,대구,광주,세종",38,22.06.22 ~ 22.07.06
2022년 한전KDN(주) 경기북부사업처 AMI분야 일용근로자 3차 수시모집 및 아르바이트 모집,한전KDN,정보통신,비정규직,학력무관,신입+경력,경기,12,22.06.21 ~ 22.07.05
한전KDN(주) 부산울산사업처 22년 AMI분야 업무위탁용역(조공D) 일용원 채용,한전KDN,정보통신,비정규직,학력무관,신입+경력,부산,7,22.06.21 ~ 22.07.05
한전KDN(주) 경기사업처 용인지사 배전공가설비 시설내역조사 작업원 모집 공고,한전KDN,정보통신,비정규직,학력무관,신입+경력,경기,4,22.06.21 ~ 22.07.05
한전KDN(주) 부산울산사업처 22년 AMI분야 업무위탁용역(아르바이트) 일용원 채용,한전KDN,정보통신,비정규직,학력무관,신입+경력,부산,9,22.06.21 ~ 22.07.05
제2022-3차 직원 및 청년인턴 채용 계획(채용공고 제2022-03호),국가생명윤리정책원,"사업관리,경영.회계.사무,보건.의료,정보통신,연구","비정규직,청년인턴(체험형)","학력무관,대졸(4년),석사",신입+경력,서울,7,22.06.21 ~ 22.07.06
[한국수자원공사] 전남지역협력단 강진현대화사업소 특수직(기술관리_건설사업) 채용 공고,한국수자원공사,"건설,기계,전기.전자,정보통신,환경.에너지.안전",비정규직,학력무관,신입+경력,전남,1,22.06.21 ~ 22.06.28
코레일유통㈜ 2022년 신입 및 경력사원 공개모집,코레일유통(주),"사업관리,경영.회계.사무,운전.운송,영업판매,전기.전자,정보통신,환경.에너지.안전",정규직,학력무관,신입+경력,"서울,대전,대구,부산,경기,강원,충남,전북",15,22.06.20 ~ 22.07.04
"[연구직] 2022년 6월 KAIST 기간제 근로자(연수연구원, 위촉연구원) 모집 공고",한국과학기술원,"교육.자연.사회과학,보건.의료,건설,기계,재료,화학,전기.전자,정보통신,환경.에너지.안전,연구",비정규직,"대졸(4년),석사,박사",신입+경력,대전,35,22.06.20 ~ 22.07.05
한전KDN(주) 광주전남사업처 미터링사업팀 『5-1차 AMI통신망 시설공사_광주전남』 작업원 채용 재공고,한전KDN,"전기.전자,정보통신",비정규직,학력무관,신입+경력,광주,9,22.06.20 ~ 22.06.26
"[비연구직] 2022년 6월 KAIST 기간제 근로자(위촉행정원, 위촉기술원, 부직학생) 모집 공고",한국과학기술원,"사업관리,경영.회계.사무,건설,기계,정보통신",비정규직,대졸(4년),신입+경력,"서울,대전,경기",27,22.06.20 ~ 22.07.05
한전KDN(주) 전북사업처 배전공가(일용원) 채용 공고,한전KDN,정보통신,비정규직,학력무관,신입+경력,전북,1,22.06.17 ~ 22.06.23
[한국수자원공사] 청송권지사 현대화사업팀 특수직(기술관리_건설사업) 채용 공고,한국수자원공사,"건설,기계,전기.전자,정보통신",비정규직,학력무관,신입+경력,경북,1,22.06.17 ~ 22.06.27
2022년 제3차 계약직 모집 공고,한국산업단지공단,"사업관리,경영.회계.사무,사회복지.종교,정보통신,환경.에너지.안전",비정규직,"대졸(4년),석사,박사",신입+경력,"인천,대구,울산,경남,전남,전북",11,22.06.17 ~ 22.07.01
한전KDN(주) 대전충남사업처 배전분야 일용근로자 모집 공고,한전KDN,"전기.전자,정보통신",비정규직,학력무관,신입+경력,"대전,충남,세종",4,22.06.16 ~ 22.06.30
한국부동산원 체험형 청년인턴 채용 공고,한국부동산원,"경영.회계.사무,건설,정보통신",청년인턴(체험형),학력무관,신입,"서울,인천,대전,대구,광주,울산,경기,강원,충북,경북,전북",55,22.06.16 ~ 22.07.01
[한국수자원공사] 플랫폼사업처 실무직(기술관리_전문기술) 채용 공고,한국수자원공사,"정보통신,환경.에너지.안전",무기계약직,학력무관,신입+경력,대전,1,22.06.16 ~ 22.06.23
한전KDN(주)강원사업처 배전자동화 일용원 채용,한전KDN,정보통신,비정규직,학력무관,신입+경력,강원,2,22.06.16 ~ 22.06.29
한전KDN(주) 경남사업처 미터링사업팀 일용원 채용,한전KDN,"전기.전자,정보통신",비정규직,학력무관,신입+경력,경남,1,22.06.15 ~ 22.06.29
[한국수자원공사] 청송권지사 실무직(수탁운영_지방상수도시설운영) 채용 공고,한국수자원공사,"건설,기계,재료,전기.전자,정보통신,환경.에너지.안전",비정규직,학력무관,신입+경력,경북,2,22.06.15 ~ 22.06.22
"[한국수자원공사] 예천수도지사 단기계약근로자(수탁운영, 육아휴직 대체인력) 채용 공고",한국수자원공사,"기계,전기.전자,정보통신,환경.에너지.안전",비정규직,학력무관,신입+경력,경북,1,22.06.15 ~ 22.06.22
한전KDN(주) 인천사업처 AMI분야 일용(작업)원 채용 공고,한전KDN,정보통신,비정규직,학력무관,신입+경력,"인천,경기",8,22.06.15 ~ 22.06.29
한전KDN(주) 광주전남사업처 미터링사업팀 『AMI 일괄위탁 유지보수』 일용근로자 채용공고,한전KDN,"전기.전자,정보통신",비정규직,학력무관,신입+경력,광주,2,22.06.15 ~ 22.06.29
[데이터융합처] 데이터 분야 전문계약직(가급) 채용 공고,도로교통공단,정보통신,비정규직,"대졸(2~3년),대졸(4년),석사,박사",신입+경력,강원,1,22.06.15 ~ 22.06.27
KAIST 설명가능 인공지능 연구센터 연구교원 채용 공고,한국과학기술원,"사업관리,전기.전자,정보통신,연구",비정규직,박사,신입+경력,경기,1,22.06.15 ~ 22.07.15
한국남부발전(주) 2022년 체험형 인턴 채용공고,한국남부발전(주),"경영.회계.사무,건설,기계,전기.전자,정보통신,환경.에너지.안전",청년인턴(체험형),학력무관,신입,"인천,부산,강원,경북,경남,제주,세종",118,22.06.15 ~ 22.06.30
한전KDN(주) 광주전남사업처 일용근로자(장애인) 채용 공고(추가모집),한전KDN,"전기.전자,정보통신",비정규직,학력무관,신입+경력,광주,1,22.06.15 ~ 22.06.29
한전KDN(주) 경북사업처 배전사업팀 일용근로자 채용 공고,한전KDN,"전기.전자,정보통신",비정규직,학력무관,신입+경력,경북,1,22.06.14 ~ 22.06.28
한전KDN(주) 전북사업처 AMI분야 일용근로자 채용 공고,한전KDN,정보통신,비정규직,학력무관,신입+경력,전북,8,22.06.14 ~ 22.06.28
한전KDN 충북사업처 5-1차 AMI통신망 시설공사 일용근로자 모집 공고,한전KDN,정보통신,비정규직,학력무관,신입+경력,충북,7,22.06.14 ~ 22.06.29
한전KDN(주) 제주사업처 배전분야 일용근로자 채용 공고,한전KDN,"전기.전자,정보통신",비정규직,학력무관,신입+경력,제주,1,22.06.13 ~ 22.06.27
한전KDN(주) 목포지사 AMI 일괄위탁유지보수 일용근로자 채용 공고,한전KDN,"전기.전자,정보통신",비정규직,학력무관,신입+경력,전남,1,22.06.13 ~ 22.06.27
전문직(계약직) 채용공고(정보운영),주택관리공단(주),"경영.회계.사무,정보통신",비정규직,학력무관,신입+경력,경남,1,22.06.13 ~ 22.06.27
"[채용공고 제2022-08호] 한국특허전략개발원 직원 채용 공고 (공개경쟁, 장애인제한경쟁)",한국특허전략개발원,"사업관리,경영.회계.사무,보건.의료,기계,화학,전기.전자,정보통신","비정규직,청년인턴(체험형)","학력무관,대졸(4년),석사,박사",신입+경력,"서울,세종",19,22.06.13 ~ 22.06.28
[한국수자원공사] 거제권지사 특수직(수탁운영_지방상수도 시설운영) 채용 공고,한국수자원공사,"기계,전기.전자,정보통신,환경.에너지.안전",비정규직,학력무관,신입+경력,경남,1,22.06.13 ~ 22.06.20
[채용공고 제2022-07호] 한국특허전략개발원 직원 채용 공고,한국특허전략개발원,"정보통신,환경.에너지.안전",무기계약직,"학력무관,대졸(4년),석사",신입+경력,서울,2,22.06.13 ~ 22.06.28
KAIST 정보전자연구소/일상 항시적 건강관리 Earable-IoT 연구센터 시간제위촉연구원 모집 공고,한국과학기술원,정보통신,비정규직,학력무관,신입+경력,대전,1,22.06.10 ~ 22.06.24
제2022-3회 한국과학기술기획평가원 위촉연구직 공개채용,한국과학기술기획평가원,"사업관리,경영.회계.사무,교육.자연.사회과학,법률.경찰.소방.교도.국방,기계,재료,화학,섬유.의복,전기.전자,정보통신,환경.에너지.안전,연구",비정규직,"대졸(4년),석사,박사",신입+경력,"대전,충북",21,22.06.10 ~ 22.06.24
제2022-2회 한국과학기술기획평가원 체험형 청년인턴 공개채용,한국과학기술기획평가원,"사업관리,경영.회계.사무,교육.자연.사회과학,법률.경찰.소방.교도.국방,기계,재료,화학,섬유.의복,전기.전자,정보통신,환경.에너지.안전,연구",청년인턴(체험형),학력무관,신입,충북,16,22.06.10 ~ 22.06.24
한전KDN(주) 제주사업처 배전공가 일용근로자 채용 공고,한전KDN,"전기.전자,정보통신",비정규직,학력무관,신입+경력,제주,2,22.06.11 ~ 22.06.26
[한국수자원공사] 낙동강유역관리처 단기계약근로자(발전통합운영_교대근무) 채용 공고(2차),한국수자원공사,"기계,전기.전자,정보통신",비정규직,학력무관,신입+경력,대구,1,22.06.10 ~ 22.06.17
한전KDN(주) 경남사업처 배전사업팀 일용원 채용,한전KDN,"전기.전자,정보통신",비정규직,학력무관,신입+경력,경남,4,22.06.10 ~ 22.06.24
"[중앙보훈병원] 로봇융합실증사업 기간제 직원(사무직,기술직) 공개채용",한국보훈복지의료공단,"경영.회계.사무,정보통신",비정규직,학력무관,신입+경력,서울,3,22.06.10 ~ 22.06.20
"[중앙보훈병원] 기간제 직원(보건직,기술직,기능직) 공개채용",한국보훈복지의료공단,"보건.의료,정보통신",비정규직,학력무관,신입+경력,서울,4,22.06.10 ~ 22.06.20
한전KDN(주) 경북사업처 AMI분야 일용근로자 채용,한전KDN,"전기.전자,정보통신",비정규직,학력무관,신입+경력,경북,5,22.06.10 ~ 22.06.24
2022년도 제3차 국립대구과학관 직원 채용 공고,국립대구과학관,"교육.자연.사회과학,경비.청소,기계,정보통신,연구","정규직,무기계약직",학력무관,신입+경력,대구,13,22.06.09 ~ 22.06.23
한전KDN(주) 포항지사 AMI통신망 시설공사 추가 작업원 모집공고,한전KDN,"전기.전자,정보통신",비정규직,학력무관,신입+경력,경북,6,22.06.09 ~ 22.06.23
한전KDN(주) 인천사업처 정보통신분야 일용(작업)원 채용 공고,한전KDN,정보통신,비정규직,학력무관,경력,"인천,경기",4,22.06.09 ~ 22.06.23
"국방기술진흥연구소 2022년 상반기 정기 채용 모집 공고[정규직, 무기사업직 분야]",국방기술품질원,"사업관리,경영.회계.사무,교육.자연.사회과학,기계,재료,화학,섬유.의복,전기.전자,정보통신,연구","정규직,무기계약직","대졸(4년),석사,박사",신입+경력,"서울,경남",33,22.06.08 ~ 22.06.22
"[제주지부] 교통계약직(정보통신감리원,행정지원) 채용 공고",도로교통공단,"사업관리,정보통신",비정규직,학력무관,신입+경력,제주,2,22.06.08 ~ 22.06.16
한국투자공사 2022년 제4차 경력직원 채용,한국투자공사,"경영.회계.사무,금융.보험,정보통신",정규직,학력무관,경력,서울,13,22.06.08 ~ 22.06.29
국방기술진흥연구소 2022년 상반기 정기 채용 모집 공고[국방기술PD 분야],국방기술품질원,"사업관리,교육.자연.사회과학,기계,재료,화학,전기.전자,정보통신,연구",비정규직,"대졸(4년),석사,박사",경력,대전,3,22.06.08 ~ 22.06.22
(상시채용) 2022년 기간제계약직(지출자료 전송 분야/기술직) 채용 공고,극지연구소,"정보통신,연구",비정규직,학력무관,신입+경력,인천,1,22.06.08 ~ 22.06.23
"국방기술진흥연구소 2022년 상반기 정기 채용 모집 공고[기간사업직, 기간제일반 분야]",국방기술품질원,"사업관리,교육.자연.사회과학,기계,재료,화학,섬유.의복,전기.전자,정보통신,연구",비정규직,"고졸,대졸(2~3년),대졸(4년),석사",신입+경력,"서울,대전,부산,광주,충북,경북,경남",49,22.06.08 ~ 22.06.22
[한국수자원공사] 전남북부권지사 함평현대화사업소 특수직(기술관리_건설사업) 채용 공고,한국수자원공사,"건설,기계,전기.전자,정보통신",비정규직,학력무관,신입+경력,전남,2,22.06.07 ~ 22.06.14
한국전자통신연구원(ETRI) 2022년 3차 위촉연구원 공개채용,한국전자통신연구원,"경영.회계.사무,교육.자연.사회과학,기계,재료,전기.전자,정보통신,환경.에너지.안전,연구",비정규직,"대졸(4년),석사",신입+경력,"대전,경기,경북",32,22.06.07 ~ 22.06.21
한국전자통신연구원(ETRI) 2022년 3차 박사후연수연구원 공개채용,한국전자통신연구원,"경영.회계.사무,교육.자연.사회과학,기계,재료,전기.전자,정보통신,환경.에너지.안전,연구",비정규직,박사,신입+경력,"대전,대구,광주,경기,경북",51,22.06.07 ~ 22.06.21
한전KDN(주) 강원사업처 강릉지사 정보통신설비 유지보수 사업수행 업무 보조 일용근로자 채용,한전KDN,정보통신,비정규직,학력무관,신입+경력,강원,1,22.06.07 ~ 22.06.21
[공무원연금공단] 체험형 청년인턴(장애전형) 채용공고,공무원연금공단,"사업관리,경영.회계.사무,금융.보험,법률.경찰.소방.교도.국방,건설,정보통신",청년인턴(체험형),학력무관,신입,"서울,대전,대구,부산,제주,세종",15,22.06.03 ~ 22.06.17
[본사] 기술직(전산) 공개채용,한국보훈복지의료공단,정보통신,"정규직,비정규직",학력무관,신입+경력,강원,2,22.06.03 ~ 22.06.08
2022년 한국산업기술시험원 2분기 사회형평적 인재(장애인 위촉) 공개모집,한국산업기술시험원,"경영.회계.사무,정보통신,연구",비정규직,학력무관,신입,"서울,경기,강원,경남",10,22.06.03 ~ 22.06.18
서울대학교치과병원 기간제근무자 채용 공고,서울대학교치과병원,"보건.의료,정보통신",비정규직,학력무관,신입+경력,서울,3,22.06.03 ~ 22.06.12
한국체육산업개발(주) 전임직 채용공고,한국체육산업개발(주),"이용.숙박.여행.오락.스포츠,전기.전자,정보통신","무기계약직,비정규직",학력무관,신입+경력,"서울,경기",17,22.06.03 ~ 22.06.17
한전KDN(주) 경북사업처 배전사업팀 일용근로자 채용 공고,한전KDN,"전기.전자,정보통신",비정규직,학력무관,신입+경력,경북,2,22.06.03 ~ 22.06.17
한국교통안전공단 자동차안전연구원 커넥티드카연구처 위촉연구보조원 채용,한국교통안전공단,"사업관리,기계,전기.전자,정보통신,연구",비정규직,학력무관,신입+경력,경기,2,22.06.02 ~ 22.06.17
2022년 제2차 정규직 채용공고,한국생산기술연구원,"사업관리,경영.회계.사무,정보통신,연구","정규직,무기계약직","대졸(4년),석사,박사",신입+경력,"서울,인천,대구,부산,광주,울산,경기,강원,충남,경북,경남,전북,제주",33,22.06.02 ~ 22.06.17
국립해양생물자원관 2022년 공무직근로자(행정·연구·시설환경) 신규직원 제한경쟁채용 공고,국립해양생물자원관,"경영.회계.사무,음식서비스,기계,전기.전자,정보통신,연구",무기계약직,학력무관,신입+경력,충남,9,22.06.02 ~ 22.06.17
"한국기계연구원 2022년도 제1회 신입직원 공개채용 공고 (출연(연) 공동 채용/행정직, 기술직)",한국기계연구원,"사업관리,경영.회계.사무,기계,전기.전자,정보통신,환경.에너지.안전",정규직,학력무관,신입+경력,"대전,대구,부산,경남",6,22.06.02 ~ 22.06.17
한전KDN(주) 서남네트웍사업부(중부발전) 기간제근로자 채용공고,한전KDN,정보통신,비정규직,학력무관,신입+경력,충남,4,22.06.02 ~ 22.06.17
한전KDN(주) 경기사업처 미터링사업분야 작업원 모집공고,한전KDN,정보통신,비정규직,학력무관,신입+경력,경기,41,22.06.02 ~ 22.06.16
2022년 2차 정규직 채용 공고,한국항공우주연구원,"기계,전기.전자,정보통신,연구",정규직,"석사,박사",신입+경력,대전,4,22.06.02 ~ 22.06.17
한국철도기술연구원 2022년 정규직(연구·행정·기술직) 공개채용,한국철도기술연구원,"사업관리,경영.회계.사무,건설,기계,전기.전자,정보통신,환경.에너지.안전,연구",정규직,"대졸(4년),석사,박사",신입+경력,경기,24,22.06.02 ~ 22.06.17
2022년도 KIST 제2차 행정·연구지원부문 공개채용,한국과학기술연구원,"경영.회계.사무,건설,전기.전자,정보통신","정규직,무기계약직",학력무관,신입+경력,서울,10,22.06.02 ~ 22.06.17
2022년도 제2차 중소벤처기업연구원 공개채용 공고,중소벤처기업연구원,"정보통신,연구","정규직,비정규직","대졸(4년),석사,박사",신입+경력,"서울,경기",7,22.06.02 ~ 22.06.17
한국지질자원연구원 2022년 하반기 정규직원 공개채용,한국지질자원연구원,"사업관리,경영.회계.사무,정보통신,환경.에너지.안전,연구",정규직,"학력무관,석사,박사",신입,"대전,경북",17,22.06.02 ~ 22.06.17
[한국표준과학연구원] 2022년 5차 정규직 공개채용,한국표준과학연구원,"경영.회계.사무,기계,화학,전기.전자,정보통신,환경.에너지.안전,연구",정규직,"학력무관,대졸(4년),석사,박사",신입+경력,대전,10,22.06.02 ~ 22.06.17
한전KDN(주) 경기사업처 단기일용원(장애인근로자) 채용공고,한전KDN,정보통신,비정규직,학력무관,신입+경력,경기,2,22.05.31 ~ 22.06.14
2022년 제4차 직원 채용공고,농림수산식품교육문화정보원,"사업관리,경영.회계.사무,정보통신","정규직,비정규직,청년인턴(채용형)","고졸,대졸(2~3년),대졸(4년),석사,박사",신입+경력,세종,16,22.05.31 ~ 22.06.16
2022년 한국농업기술진흥원 제1차 전문계약직 채용(제한경쟁) 재공고,한국농업기술진흥원,"사업관리,경영.회계.사무,기계,전기.전자,정보통신,농림어업",비정규직,"학력무관,박사",신입+경력,"경북,전북",3,22.05.31 ~ 22.06.07
한전KDN(주) 원전인프라팀 기간제근로자 채용공고,한전KDN,정보통신,비정규직,학력무관,신입+경력,경북,1,23.02.03 ~ 23.02.17
[한국수자원공사] 천안권지사 천안현대화사업소 특수직(기술관리_건설사업) 채용 공고,한국수자원공사,"건설,기계,전기.전자,정보통신",비정규직,학력무관,신입+경력,충남,1,23.02.02 ~ 23.02.13
2023년 상반기 한국지능정보사회진흥원 무기 및 단기계약직 채용공고,한국지능정보사회진흥원,"사업관리,경영.회계.사무,사회복지.종교,경비.청소,정보통신","무기계약직,비정규직",학력무관,신입+경력,"대구,광주,울산,경기,강원,제주",18,23.02.02 ~ 23.02.16
[한국수자원공사] 단양수도지사 단기계약근로자(지방상수도 시설운영) 채용 공고,한국수자원공사,"사업관리,건설,기계,전기.전자,정보통신,환경.에너지.안전",비정규직,학력무관,신입+경력,충북,1,23.02.02 ~ 23.02.09
2023년도 한국폴리텍대학 대전캠퍼스 초빙교원 채용 공고,학교법인한국폴리텍,정보통신,비정규직,"대졸(4년),석사,박사",경력,대전,1,23.02.02 ~ 23.02.08
2023-1차 계약직(육아휴직 대체인력) 채용공고,안전성평가연구소,"경영.회계.사무,정보통신",비정규직,"대졸(2~3년),대졸(4년)",신입+경력,대전,2,23.02.01 ~ 23.02.15
2023년 제1차 직원 및 청년인턴 채용,한국저작권위원회,"사업관리,경영.회계.사무,교육.자연.사회과학,법률.경찰.소방.교도.국방,문화.예술.디자인.방송,전기.전자,정보통신","정규직,비정규직,청년인턴(체험형)","학력무관,석사,박사",신입+경력,"서울,경남",25,23.02.01 ~ 23.02.16
2023년 상반기 KAIST 일반직 직원 채용 공고,한국과학기술원,"사업관리,경영.회계.사무,교육.자연.사회과학,법률.경찰.소방.교도.국방,문화.예술.디자인.방송,건설,기계,재료,화학,전기.전자,정보통신,환경.에너지.안전,연구",정규직,대졸(4년),신입+경력,"서울,대전",20,23.02.01 ~ 23.02.16
기술직 6급 전산행정(정보운영팀) 채용 공고,국립중앙의료원,"보건.의료,정보통신",정규직,학력무관,신입+경력,서울,1,23.02.01 ~ 23.02.16
[한국수자원공사] 경남서부권지사 통영수도센터 특수직(기술관리) 채용 공고,한국수자원공사,"건설,기계,화학,전기.전자,정보통신,환경.에너지.안전",비정규직,학력무관,신입+경력,경남,2,23.02.01 ~ 23.02.08
